skin_tone,nail_shape,nail_length,style_preference,occasion,recommended_design
neutral,round,short,bold,wedding,Terracotta Swirl
warm,coffin,short,bold,date,Minimal Nude
warm,round,short,minimal,work,Minimal Nude
warm,almond,short,bold,date,Cat Eye
cool,almond,medium,minimal,work,Minimal Nude
cool,square,short,minimal,wedding,Korean Pink
cool,round,medium,classic,date,Korean Pink
warm,coffin,medium,bold,daily,Cat Eye
cool,round,long,classic,date,Korean Pink
cool,almond,short,bold,daily,French Classic
cool,round,short,minimal,party,Korean Pink
neutral,stiletto,medium,minimal,wedding,Minimal Nude
neutral,square,long,bold,daily,Terracotta Swirl
warm,almond,long,minimal,work,Minimal Nude
cool,coffin,long,bold,work,Cat Eye
warm,oval,short,classic,party,French Classic
warm,almond,long,classic,work,French Classic
cool,coffin,medium,minimal,wedding,Korean Pink
neutral,almond,long,classic,date,Korean Pink
neutral,squoval,medium,minimal,work,Minimal Nude
warm,stiletto,short,minimal,work,Minimal Nude
neutral,squoval,long,minimal,party,Terracotta Swirl
cool,almond,medium,bold,daily,Cat Eye
warm,coffin,long,classic,wedding,Glitter Gold
cool,oval,medium,minimal,wedding,Korean Pink
warm,almond,short,bold,wedding,Glitter Gold
neutral,almond,short,minimal,wedding,Minimal Nude
neutral,stiletto,long,minimal,date,Minimal Nude
warm,round,medium,classic,work,Korean Pink
warm,round,long,classic,daily,French Classic
neutral,stiletto,short,minimal,party,Minimal Nude
warm,square,long,bold,party,Glitter Gold
neutral,stiletto,long,bold,work,Cat Eye
cool,coffin,long,classic,party,Korean Pink
cool,round,short,minimal,daily,Minimal Nude
neutral,almond,short,bold,work,Cat Eye
neutral,round,short,minimal,daily,Minimal Nude
warm,almond,short,classic,party,French Classic
warm,coffin,long,bold,party,Glitter Gold
cool,stiletto,medium,minimal,daily,French Classic
cool,squoval,medium,classic,daily,French Classic
neutral,round,short,classic,wedding,French Classic
warm,oval,short,minimal,date,Minimal Nude
cool,oval,medium,classic,work,Korean Pink
warm,squoval,long,minimal,daily,Minimal Nude
neutral,stiletto,short,minimal,work,Minimal Nude
cool,squoval,short,classic,daily,French Classic
warm,squoval,medium,classic,wedding,Korean Pink
neutral,stiletto,long,bold,party,Terracotta Swirl
cool,oval,short,bold,date,Korean Pink
warm,round,long,classic,date,Korean Pink
neutral,oval,short,bold,daily,French Classic
warm,almond,short,bold,work,Minimal Nude
neutral,oval,long,bold,daily,Terracotta Swirl
cool,coffin,long,bold,date,Marble
cool,oval,long,bold,wedding,Marble
cool,oval,long,bold,wedding,Marble
warm,round,medium,bold,date,Cat Eye
warm,almond,short,bold,wedding,Glitter Gold
cool,round,short,classic,wedding,Korean Pink
neutral,coffin,medium,bold,date,Marble
cool,coffin,short,minimal,wedding,Korean Pink
warm,coffin,long,minimal,wedding,Glitter Gold
warm,coffin,medium,minimal,wedding,Minimal Nude
cool,stiletto,short,minimal,party,Korean Pink
warm,round,medium,minimal,wedding,Minimal Nude
cool,almond,long,classic,date,Korean Pink
neutral,oval,long,minimal,wedding,Terracotta Swirl
warm,squoval,short,minimal,wedding,Minimal Nude
warm,square,short,bold,work,Minimal Nude
cool,stiletto,long,classic,date,Korean Pink
warm,stiletto,short,minimal,party,Terracotta Swirl
cool,stiletto,medium,bold,work,Cat Eye
neutral,round,medium,minimal,party,Terracotta Swirl
cool,square,medium,minimal,work,Minimal Nude
cool,square,medium,minimal,wedding,Korean Pink
neutral,squoval,long,bold,wedding,Terracotta Swirl
warm,square,short,bold,wedding,Terracotta Swirl
cool,square,long,classic,party,Korean Pink
neutral,round,medium,bold,work,Cat Eye
neutral,squoval,short,bold,date,Cat Eye
neutral,coffin,long,minimal,wedding,Terracotta Swirl
neutral,square,long,classic,daily,French Classic
cool,almond,medium,bold,party,Marble
neutral,square,long,minimal,work,Minimal Nude
cool,coffin,long,minimal,date,Korean Pink
cool,almond,short,classic,wedding,Korean Pink
neutral,almond,long,classic,party,Terracotta Swirl
neutral,oval,long,classic,work,French Classic
cool,almond,long,bold,date,Marble
warm,coffin,medium,minimal,work,Minimal Nude
warm,oval,medium,bold,daily,Cat Eye
neutral,almond,short,bold,party,Terracotta Swirl
warm,oval,long,bold,daily,Glitter Gold
warm,stiletto,medium,minimal,work,Minimal Nude
neutral,almond,medium,minimal,date,Minimal Nude
warm,squoval,short,classic,date,French Classic
neutral,square,medium,bold,date,Cat Eye
neutral,squoval,short,bold,party,Terracotta Swirl
warm,stiletto,long,classic,date,Korean Pink
warm,square,medium,minimal,wedding,Minimal Nude
cool,square,long,minimal,work,Minimal Nude
cool,coffin,short,bold,work,Cat Eye
cool,almond,medium,classic,daily,French Classic
cool,squoval,long,bold,daily,Cat Eye
neutral,squoval,medium,minimal,wedding,Minimal Nude
cool,stiletto,medium,bold,date,Cat Eye
warm,squoval,short,classic,party,French Classic
cool,square,long,bold,party,Marble
cool,oval,long,bold,daily,Cat Eye
neutral,almond,long,minimal,daily,Minimal Nude
warm,stiletto,medium,minimal,daily,Minimal Nude
cool,oval,medium,classic,wedding,Korean Pink
cool,square,medium,classic,daily,French Classic
neutral,almond,short,classic,work,French Classic
neutral,round,short,minimal,work,Minimal Nude
neutral,oval,short,minimal,party,Minimal Nude
neutral,oval,medium,bold,wedding,Terracotta Swirl
warm,almond,long,bold,daily,Glitter Gold
warm,square,short,bold,daily,Minimal Nude
neutral,coffin,medium,classic,work,Berry Jelly
neutral,oval,short,bold,wedding,Terracotta Swirl
neutral,stiletto,short,bold,daily,French Classic
cool,coffin,medium,minimal,date,Korean Pink
warm,stiletto,medium,classic,daily,French Classic
cool,coffin,medium,bold,work,Cat Eye
neutral,almond,long,classic,date,Korean Pink
neutral,stiletto,medium,classic,party,Korean Pink
neutral,square,medium,minimal,daily,Minimal Nude
cool,oval,medium,bold,date,Cat Eye
cool,round,medium,classic,work,Korean Pink
cool,stiletto,medium,classic,wedding,Korean Pink
neutral,square,long,minimal,date,Minimal Nude
warm,oval,long,classic,party,Glitter Gold
warm,coffin,medium,bold,party,Glitter Gold
warm,round,medium,minimal,party,Minimal Nude
cool,coffin,long,classic,party,Korean Pink
cool,squoval,long,bold,wedding,Marble
cool,square,medium,classic,work,Korean Pink
warm,square,short,bold,date,Cat Eye
neutral,oval,short,minimal,party,Minimal Nude
neutral,stiletto,long,bold,wedding,Terracotta Swirl
warm,square,short,classic,work,French Classic
neutral,almond,short,classic,daily,French Classic
neutral,square,long,minimal,party,Terracotta Swirl
warm,almond,medium,classic,party,Glitter Gold
warm,round,medium,classic,daily,French Classic
cool,squoval,short,bold,daily,French Classic
neutral,square,short,minimal,daily,Minimal Nude
cool,almond,long,bold,work,Cat Eye
cool,squoval,medium,classic,date,Korean Pink
cool,almond,long,minimal,date,Korean Pink
warm,stiletto,short,bold,work,Minimal Nude
warm,oval,short,minimal,date,Minimal Nude
cool,squoval,long,bold,party,Marble
warm,square,long,classic,party,Glitter Gold
cool,stiletto,long,bold,work,Cat Eye
neutral,oval,long,minimal,wedding,Terracotta Swirl
warm,round,short,classic,date,French Classic
neutral,square,medium,minimal,party,Terracotta Swirl
neutral,squoval,medium,bold,date,Cat Eye
warm,almond,short,classic,wedding,French Classic
warm,round,short,bold,date,Cat Eye
warm,stiletto,long,classic,date,Korean Pink
cool,almond,long,classic,wedding,Korean Pink
neutral,squoval,long,classic,daily,French Classic
cool,square,medium,bold,daily,Cat Eye
cool,squoval,long,classic,wedding,Korean Pink
cool,stiletto,long,minimal,party,Korean Pink
cool,round,medium,bold,daily,Cat Eye
neutral,squoval,medium,minimal,work,Minimal Nude
neutral,stiletto,medium,bold,party,Terracotta Swirl
warm,square,long,minimal,wedding,Glitter Gold
neutral,squoval,short,minimal,date,Minimal Nude
neutral,oval,medium,bold,daily,Cat Eye
warm,oval,short,classic,daily,French Classic
warm,squoval,long,classic,date,Korean Pink
cool,stiletto,medium,classic,work,Korean Pink
warm,squoval,short,bold,date,Cat Eye
warm,stiletto,short,classic,party,French Classic
neutral,square,short,classic,wedding,French Classic
neutral,coffin,medium,minimal,party,Terracotta Swirl
cool,square,long,bold,party,Marble
cool,stiletto,short,bold,work,French Classic
warm,stiletto,medium,minimal,wedding,Minimal Nude
neutral,stiletto,medium,classic,work,French Classic
warm,oval,long,bold,wedding,Glitter Gold
cool,round,long,classic,daily,Korean Pink
cool,stiletto,long,minimal,daily,Minimal Nude
cool,square,long,bold,party,Marble
cool,stiletto,long,bold,party,Marble
neutral,coffin,medium,bold,daily,Cat Eye
warm,coffin,long,classic,work,French Classic
cool,round,long,bold,daily,Cat Eye
neutral,square,short,minimal,wedding,Minimal Nude
cool,square,medium,classic,work,Korean Pink
cool,almond,long,minimal,work,Minimal Nude
neutral,stiletto,medium,bold,work,Cat Eye
neutral,oval,short,classic,wedding,French Classic
neutral,round,medium,classic,date,Korean Pink
cool,square,long,classic,party,Korean Pink
cool,stiletto,medium,minimal,party,Korean Pink
warm,oval,medium,bold,wedding,Glitter Gold
neutral,square,short,bold,party,Terracotta Swirl
neutral,stiletto,long,bold,daily,Terracotta Swirl
neutral,squoval,medium,minimal,date,Minimal Nude
warm,coffin,short,bold,wedding,Glitter Gold
neutral,stiletto,long,bold,work,Cat Eye
neutral,coffin,short,classic,party,Korean Pink
neutral,oval,short,classic,wedding,French Classic
warm,oval,short,bold,wedding,Glitter Gold
cool,stiletto,short,classic,party,Korean Pink
cool,coffin,medium,minimal,party,Korean Pink
warm,stiletto,short,bold,party,Glitter Gold
neutral,square,short,classic,daily,French Classic
warm,squoval,medium,bold,wedding,Glitter Gold
neutral,square,short,bold,work,French Classic
neutral,almond,medium,bold,work,Cat Eye
neutral,stiletto,medium,bold,wedding,Terracotta Swirl
warm,oval,short,minimal,wedding,Minimal Nude
warm,round,short,bold,work,Minimal Nude
cool,coffin,long,bold,date,Marble
neutral,coffin,short,classic,daily,French Classic
neutral,squoval,medium,minimal,wedding,Minimal Nude
cool,oval,medium,minimal,wedding,Korean Pink
neutral,square,short,classic,wedding,French Classic
warm,stiletto,medium,minimal,work,Minimal Nude
neutral,round,short,classic,work,French Classic
neutral,oval,short,bold,work,French Classic
warm,square,short,bold,daily,Minimal Nude
warm,oval,long,classic,work,French Classic
warm,oval,short,classic,work,French Classic
warm,oval,medium,minimal,work,Minimal Nude
neutral,round,long,minimal,party,Terracotta Swirl
cool,almond,long,minimal,party,Marble
neutral,round,long,bold,date,Terracotta Swirl
neutral,round,short,classic,party,French Classic
warm,squoval,long,classic,daily,French Classic
cool,almond,short,minimal,work,Minimal Nude
neutral,almond,long,bold,wedding,Terracotta Swirl
neutral,almond,medium,classic,date,Korean Pink
warm,stiletto,long,minimal,date,Minimal Nude
warm,squoval,medium,minimal,party,Minimal Nude
cool,squoval,medium,bold,daily,Cat Eye
cool,coffin,medium,classic,work,Korean Pink
cool,round,short,minimal,daily,Minimal Nude
neutral,coffin,medium,minimal,date,Cat Eye
neutral,square,long,minimal,party,Terracotta Swirl
neutral,stiletto,medium,bold,daily,Cat Eye
neutral,square,medium,minimal,date,Minimal Nude
warm,coffin,medium,minimal,daily,Minimal Nude
neutral,square,short,classic,date,French Classic
cool,stiletto,long,bold,date,Marble
neutral,round,long,bold,wedding,Marble
neutral,stiletto,medium,classic,wedding,Korean Pink
neutral,coffin,medium,minimal,work,Minimal Nude
warm,round,long,bold,work,Cat Eye
cool,square,short,classic,wedding,Korean Pink
neutral,almond,short,minimal,work,Minimal Nude
neutral,round,long,minimal,wedding,Terracotta Swirl
cool,squoval,long,classic,party,Korean Pink
neutral,round,medium,classic,daily,French Classic
neutral,almond,medium,bold,wedding,Marble
neutral,round,short,minimal,wedding,Minimal Nude
warm,stiletto,medium,classic,wedding,Korean Pink
cool,coffin,medium,minimal,work,Minimal Nude
neutral,oval,long,bold,wedding,Glitter Gold
warm,squoval,short,classic,daily,French Classic
neutral,squoval,long,classic,party,Terracotta Swirl
cool,round,medium,minimal,date,Korean Pink
neutral,square,short,classic,daily,French Classic
neutral,squoval,long,minimal,party,Terracotta Swirl
neutral,square,short,classic,work,Korean Pink
warm,almond,long,minimal,wedding,Glitter Gold
neutral,stiletto,short,minimal,daily,Minimal Nude
warm,oval,long,minimal,daily,Minimal Nude
neutral,squoval,medium,bold,date,Cat Eye
neutral,coffin,long,bold,wedding,Terracotta Swirl
neutral,square,short,classic,daily,French Classic
neutral,square,medium,bold,daily,Cat Eye
warm,square,medium,classic,daily,Minimal Nude
warm,coffin,short,bold,date,Cat Eye
cool,almond,long,bold,daily,Cat Eye
neutral,coffin,short,classic,date,French Classic
warm,round,medium,minimal,wedding,Minimal Nude
warm,almond,long,minimal,daily,Minimal Nude
cool,squoval,long,bold,date,Marble
cool,square,medium,classic,wedding,Korean Pink
warm,stiletto,long,bold,wedding,Glitter Gold
neutral,coffin,medium,classic,wedding,Korean Pink
neutral,almond,short,classic,daily,French Classic
warm,square,medium,bold,party,Glitter Gold
neutral,round,medium,bold,party,Terracotta Swirl
cool,stiletto,short,bold,date,Marble
cool,almond,medium,minimal,wedding,Korean Pink
warm,square,medium,minimal,work,Minimal Nude
warm,round,medium,minimal,date,Minimal Nude
neutral,almond,short,bold,wedding,Terracotta Swirl
neutral,oval,long,classic,work,French Classic
neutral,stiletto,long,minimal,party,Marble
neutral,coffin,short,classic,date,French Classic
neutral,stiletto,medium,minimal,date,Minimal Nude
cool,stiletto,short,classic,date,Korean Pink
cool,stiletto,medium,classic,date,Korean Pink
warm,stiletto,short,bold,work,Minimal Nude
warm,coffin,medium,classic,date,French Classic
neutral,stiletto,long,minimal,wedding,Terracotta Swirl
cool,squoval,long,minimal,party,Marble
cool,square,short,classic,daily,French Classic
cool,oval,medium,minimal,wedding,Korean Pink
cool,round,long,bold,wedding,Marble
warm,round,medium,classic,work,French Classic
cool,squoval,long,minimal,daily,Minimal Nude
warm,almond,long,bold,date,Glitter Gold
cool,oval,medium,minimal,daily,Minimal Nude
neutral,stiletto,long,classic,daily,French Classic
cool,almond,long,minimal,date,Korean Pink
neutral,oval,medium,classic,daily,French Classic
warm,almond,medium,minimal,daily,Minimal Nude
cool,round,long,bold,date,Marble
neutral,almond,short,classic,party,Korean Pink
cool,square,long,minimal,wedding,Marble
cool,oval,long,bold,daily,Cat Eye
neutral,stiletto,medium,minimal,daily,Minimal Nude
cool,stiletto,long,minimal,party,Marble
cool,coffin,short,minimal,daily,Minimal Nude
cool,round,medium,minimal,daily,Minimal Nude
warm,square,medium,bold,party,Glitter Gold
neutral,squoval,medium,minimal,work,Minimal Nude
warm,stiletto,long,classic,wedding,Glitter Gold
cool,squoval,medium,bold,party,Marble
cool,square,short,classic,party,Korean Pink
neutral,square,short,bold,party,Cat Eye
warm,almond,medium,classic,daily,Korean Pink
cool,square,medium,bold,party,Marble
cool,square,medium,minimal,wedding,Korean Pink
cool,square,long,minimal,daily,Minimal Nude
cool,square,long,bold,work,Cat Eye
warm,stiletto,long,bold,party,Glitter Gold
warm,stiletto,long,classic,wedding,Glitter Gold
neutral,round,long,minimal,party,Terracotta Swirl
cool,squoval,short,bold,work,French Classic
cool,square,long,classic,work,Korean Pink
warm,coffin,short,classic,date,French Classic
neutral,round,medium,classic,party,Korean Pink
neutral,square,long,classic,work,French Classic
warm,squoval,short,bold,party,Glitter Gold
neutral,stiletto,medium,bold,wedding,Terracotta Swirl
neutral,almond,medium,classic,work,French Classic
neutral,coffin,short,classic,date,French Classic
warm,stiletto,short,minimal,party,Terracotta Swirl
neutral,square,medium,bold,work,Cat Eye
warm,round,medium,classic,party,Glitter Gold
cool,stiletto,long,minimal,work,Minimal Nude
neutral,round,medium,classic,date,Korean Pink
neutral,coffin,long,minimal,work,Minimal Nude
warm,stiletto,short,bold,work,Minimal Nude
warm,square,long,minimal,wedding,Glitter Gold
neutral,square,short,classic,work,French Classic
neutral,square,short,bold,wedding,Terracotta Swirl
warm,almond,long,minimal,date,Minimal Nude
warm,oval,long,bold,date,Glitter Gold
neutral,round,short,minimal,daily,Minimal Nude
neutral,square,long,minimal,date,Minimal Nude
neutral,round,medium,bold,date,Cat Eye
cool,squoval,short,bold,party,Marble
warm,coffin,short,minimal,party,Minimal Nude
cool,oval,medium,bold,work,Cat Eye
neutral,square,long,classic,party,Terracotta Swirl
cool,almond,long,minimal,wedding,Marble
warm,square,medium,minimal,work,French Classic
cool,stiletto,long,classic,work,Korean Pink
warm,stiletto,medium,bold,wedding,Glitter Gold
warm,squoval,long,classic,party,Glitter Gold
cool,round,short,classic,date,Korean Pink
warm,oval,long,classic,daily,Minimal Nude
neutral,stiletto,long,bold,party,Terracotta Swirl
warm,stiletto,short,classic,work,French Classic
neutral,square,medium,classic,daily,French Classic
neutral,almond,short,classic,date,French Classic
cool,almond,medium,bold,wedding,Marble
neutral,coffin,long,minimal,work,Minimal Nude
cool,square,medium,bold,wedding,Marble
warm,almond,long,classic,date,Korean Pink
warm,coffin,medium,classic,date,French Classic
neutral,almond,short,classic,date,French Classic
cool,almond,long,classic,date,Korean Pink
neutral,almond,medium,bold,date,Cat Eye
warm,square,medium,bold,daily,Cat Eye
neutral,square,long,bold,daily,Terracotta Swirl
cool,coffin,long,bold,work,Cat Eye
neutral,squoval,short,bold,date,Cat Eye
cool,oval,long,minimal,daily,Minimal Nude
neutral,round,short,minimal,party,Minimal Nude
warm,squoval,long,minimal,party,Glitter Gold
neutral,squoval,long,bold,daily,Terracotta Swirl
neutral,oval,long,classic,party,Terracotta Swirl
cool,oval,medium,bold,wedding,Marble
neutral,stiletto,long,bold,wedding,Terracotta Swirl
warm,oval,medium,bold,wedding,Glitter Gold
cool,stiletto,medium,bold,work,Cat Eye
cool,square,medium,classic,date,Korean Pink
neutral,square,medium,minimal,date,Minimal Nude
cool,squoval,medium,minimal,wedding,Marble
warm,square,medium,bold,wedding,Glitter Gold
warm,oval,long,classic,date,Korean Pink
warm,round,long,bold,date,Glitter Gold
warm,coffin,long,minimal,work,French Classic
cool,coffin,medium,minimal,work,French Classic
warm,squoval,long,classic,party,Glitter Gold
cool,square,medium,bold,daily,Cat Eye
warm,coffin,long,minimal,date,Minimal Nude
warm,oval,medium,minimal,daily,Minimal Nude
cool,stiletto,medium,minimal,wedding,Korean Pink
warm,square,long,bold,daily,Glitter Gold
cool,square,medium,bold,date,Cat Eye
warm,stiletto,long,classic,wedding,Glitter Gold
warm,square,short,bold,party,Glitter Gold
neutral,oval,short,bold,wedding,Terracotta Swirl
neutral,coffin,short,minimal,date,Minimal Nude
cool,stiletto,medium,bold,wedding,Terracotta Swirl
warm,oval,short,classic,wedding,French Classic
warm,square,medium,minimal,party,Minimal Nude
cool,square,long,bold,date,Korean Pink
cool,coffin,short,minimal,daily,Minimal Nude
warm,squoval,long,bold,wedding,Glitter Gold
neutral,square,medium,bold,work,Cat Eye
warm,squoval,short,classic,date,French Classic
neutral,almond,medium,bold,work,Cat Eye
neutral,stiletto,long,minimal,date,Minimal Nude
neutral,square,short,bold,daily,Cat Eye
neutral,oval,long,bold,work,Cat Eye
neutral,squoval,short,bold,work,French Classic
cool,round,long,classic,daily,Korean Pink
neutral,squoval,medium,bold,daily,Cat Eye
neutral,stiletto,medium,bold,daily,Cat Eye
warm,coffin,short,bold,daily,French Classic
neutral,round,long,minimal,daily,Minimal Nude
cool,round,medium,classic,work,Korean Pink
neutral,coffin,long,classic,wedding,Korean Pink
cool,squoval,medium,classic,daily,French Classic
neutral,stiletto,long,minimal,wedding,Terracotta Swirl
neutral,squoval,long,minimal,work,Minimal Nude
warm,square,medium,bold,date,Cat Eye
cool,stiletto,short,minimal,party,Korean Pink
cool,oval,long,minimal,daily,Minimal Nude
cool,almond,short,minimal,work,Korean Pink
warm,squoval,long,bold,daily,Glitter Gold
warm,squoval,medium,minimal,date,Minimal Nude
warm,oval,long,classic,work,French Classic
neutral,almond,medium,bold,date,Cat Eye
cool,oval,medium,minimal,date,Korean Pink
cool,square,short,bold,date,Cat Eye
warm,coffin,long,classic,date,Korean Pink
cool,coffin,long,classic,date,Korean Pink
cool,squoval,short,classic,party,Korean Pink
neutral,squoval,short,minimal,wedding,Minimal Nude
warm,stiletto,medium,minimal,date,Minimal Nude
cool,almond,long,minimal,party,Marble
warm,square,long,minimal,party,Glitter Gold
warm,almond,long,minimal,daily,Minimal Nude
neutral,almond,long,minimal,daily,Minimal Nude
neutral,coffin,long,bold,work,Cat Eye
cool,square,short,minimal,work,Minimal Nude
warm,coffin,medium,minimal,date,Minimal Nude
cool,oval,long,classic,wedding,Korean Pink
neutral,coffin,medium,classic,wedding,Korean Pink
cool,squoval,short,bold,party,Marble
cool,oval,medium,classic,party,Korean Pink
neutral,oval,short,classic,date,French Classic
neutral,coffin,medium,classic,work,French Classic
warm,squoval,long,minimal,party,Glitter Gold
neutral,square,medium,classic,party,Korean Pink
neutral,stiletto,medium,minimal,work,Minimal Nude
cool,oval,long,bold,daily,Cat Eye
warm,stiletto,long,minimal,daily,Minimal Nude
neutral,oval,short,bold,work,Cat Eye
cool,square,short,bold,date,Cat Eye
neutral,squoval,short,minimal,date,Minimal Nude
warm,round,long,bold,wedding,Glitter Gold
cool,round,long,bold,party,Marble
warm,round,short,bold,work,Minimal Nude
neutral,almond,medium,classic,wedding,Korean Pink
warm,square,medium,classic,date,French Classic
neutral,oval,medium,bold,daily,Cat Eye
neutral,stiletto,short,minimal,party,Minimal Nude
neutral,squoval,short,bold,daily,French Classic
warm,squoval,medium,bold,wedding,Glitter Gold
warm,almond,short,minimal,work,Minimal Nude
neutral,almond,medium,classic,daily,French Classic
neutral,square,long,bold,daily,Terracotta Swirl
cool,round,short,bold,work,French Classic
neutral,stiletto,medium,minimal,wedding,Minimal Nude
warm,almond,medium,bold,date,Cat Eye
neutral,oval,long,bold,daily,Terracotta Swirl
cool,round,short,classic,work,French Classic
cool,almond,long,bold,party,Marble
cool,round,long,classic,party,Korean Pink
cool,almond,medium,classic,work,Korean Pink
neutral,squoval,short,bold,wedding,Terracotta Swirl
neutral,round,short,classic,work,French Classic
neutral,oval,long,classic,wedding,Korean Pink
warm,round,medium,classic,wedding,Korean Pink
warm,oval,short,minimal,party,Minimal Nude
neutral,almond,medium,minimal,daily,Korean Pink
warm,almond,long,classic,party,Terracotta Swirl
cool,stiletto,short,bold,date,Cat Eye
warm,almond,long,minimal,party,Glitter Gold
cool,square,medium,classic,work,French Classic
cool,squoval,medium,classic,daily,French Classic
warm,coffin,long,classic,date,Korean Pink
cool,round,short,classic,daily,French Classic
cool,stiletto,long,classic,wedding,Korean Pink
cool,stiletto,long,bold,work,Cat Eye
neutral,coffin,short,classic,wedding,French Classic
cool,square,medium,bold,party,Marble
warm,square,medium,classic,party,Glitter Gold
neutral,oval,long,bold,work,Cat Eye
neutral,round,long,classic,work,French Classic
cool,stiletto,long,minimal,party,Marble
warm,coffin,medium,minimal,wedding,Minimal Nude
neutral,squoval,medium,minimal,party,Terracotta Swirl
cool,almond,medium,bold,date,Cat Eye
neutral,squoval,long,minimal,wedding,Terracotta Swirl
neutral,almond,long,minimal,daily,Minimal Nude
neutral,coffin,medium,minimal,date,Cat Eye
neutral,coffin,medium,classic,party,Korean Pink
warm,square,short,bold,date,Cat Eye
neutral,almond,short,classic,wedding,French Classic
neutral,almond,long,bold,work,Cat Eye
warm,squoval,short,classic,party,French Classic
warm,round,long,minimal,wedding,Glitter Gold
cool,stiletto,short,bold,party,Marble
warm,squoval,long,bold,party,Glitter Gold
cool,round,long,minimal,daily,Minimal Nude
neutral,round,long,minimal,work,Minimal Nude
neutral,oval,medium,bold,party,Terracotta Swirl
warm,stiletto,medium,bold,work,Cat Eye
neutral,squoval,medium,minimal,date,Minimal Nude
cool,almond,medium,classic,daily,French Classic
warm,square,long,minimal,date,Minimal Nude
neutral,oval,medium,classic,work,French Classic
cool,coffin,medium,bold,wedding,Marble
neutral,squoval,long,minimal,wedding,Terracotta Swirl
cool,almond,short,bold,wedding,Marble
neutral,round,long,minimal,wedding,Terracotta Swirl
cool,round,short,classic,work,French Classic
cool,almond,short,bold,party,Marble
cool,coffin,long,bold,work,Cat Eye
cool,square,short,minimal,wedding,Korean Pink
neutral,round,medium,minimal,party,Terracotta Swirl
cool,almond,long,bold,party,Marble
cool,squoval,long,classic,party,Korean Pink
neutral,round,short,classic,daily,French Classic
neutral,square,short,classic,date,French Classic
cool,almond,long,minimal,date,Korean Pink
neutral,stiletto,medium,bold,daily,Cat Eye
cool,almond,short,classic,daily,French Classic
neutral,stiletto,short,classic,daily,French Classic
cool,stiletto,short,classic,daily,French Classic
warm,oval,long,bold,wedding,Glitter Gold
neutral,coffin,medium,minimal,date,Minimal Nude
warm,stiletto,short,minimal,date,Minimal Nude
cool,almond,long,minimal,wedding,Marble
cool,square,long,classic,date,Korean Pink
neutral,stiletto,short,minimal,party,Minimal Nude
cool,stiletto,long,minimal,work,Minimal Nude
neutral,square,short,bold,party,Terracotta Swirl
neutral,coffin,medium,bold,party,Terracotta Swirl
warm,coffin,short,classic,date,French Classic
neutral,square,medium,classic,wedding,Korean Pink
neutral,round,long,classic,wedding,Korean Pink
neutral,squoval,short,classic,work,French Classic
cool,stiletto,medium,classic,date,Korean Pink
neutral,stiletto,medium,classic,daily,Minimal Nude
cool,round,short,minimal,party,Korean Pink
cool,oval,long,minimal,wedding,Marble
cool,round,long,classic,wedding,Marble
neutral,oval,short,classic,wedding,French Classic
warm,squoval,long,minimal,daily,French Classic
warm,oval,long,minimal,date,Minimal Nude
warm,round,long,classic,daily,French Classic
cool,coffin,short,classic,daily,French Classic
warm,coffin,short,minimal,wedding,Minimal Nude
cool,oval,medium,minimal,work,French Classic
warm,almond,long,minimal,party,Glitter Gold
warm,coffin,long,minimal,party,Glitter Gold
cool,stiletto,short,minimal,daily,Minimal Nude
warm,almond,long,classic,wedding,Glitter Gold
cool,stiletto,short,minimal,wedding,Korean Pink
warm,almond,long,bold,date,Glitter Gold
neutral,round,long,classic,work,French Classic
neutral,oval,long,classic,wedding,Korean Pink
warm,squoval,medium,minimal,work,Minimal Nude
neutral,round,long,minimal,wedding,Terracotta Swirl
warm,squoval,long,classic,wedding,Glitter Gold
warm,stiletto,medium,minimal,daily,Minimal Nude
warm,square,short,minimal,daily,Minimal Nude
cool,almond,medium,bold,date,Cat Eye
cool,coffin,medium,minimal,date,Korean Pink
warm,square,short,classic,daily,French Classic
warm,stiletto,short,bold,wedding,Glitter Gold
neutral,stiletto,long,bold,daily,Terracotta Swirl
cool,coffin,short,minimal,work,French Classic
warm,squoval,long,bold,daily,Glitter Gold
neutral,coffin,long,minimal,daily,Minimal Nude
neutral,round,short,classic,wedding,French Classic
neutral,square,short,classic,work,French Classic
cool,coffin,short,minimal,wedding,Korean Pink
cool,almond,short,classic,date,Korean Pink
cool,squoval,long,classic,daily,Korean Pink
neutral,oval,medium,minimal,wedding,Minimal Nude
neutral,coffin,long,minimal,work,Minimal Nude
warm,round,short,minimal,daily,Minimal Nude
cool,oval,short,minimal,date,Minimal Nude
neutral,coffin,long,classic,work,French Classic
cool,coffin,medium,classic,daily,French Classic
warm,almond,long,minimal,work,Minimal Nude
neutral,round,medium,minimal,party,Terracotta Swirl
cool,square,short,bold,party,Marble
cool,almond,medium,bold,date,Cat Eye
cool,almond,medium,minimal,date,Korean Pink
warm,oval,short,classic,daily,French Classic
cool,coffin,long,minimal,wedding,Berry Jelly
cool,stiletto,long,bold,wedding,Marble
neutral,oval,medium,classic,daily,French Classic
warm,coffin,medium,minimal,daily,Minimal Nude
neutral,squoval,long,classic,party,Terracotta Swirl
warm,almond,short,bold,work,Minimal Nude
cool,round,long,bold,daily,Cat Eye
warm,oval,medium,classic,wedding,Korean Pink
cool,coffin,long,classic,wedding,Korean Pink
warm,round,short,minimal,date,Minimal Nude
warm,oval,medium,classic,wedding,Korean Pink
neutral,square,short,classic,wedding,French Classic
warm,round,short,bold,wedding,Glitter Gold
neutral,almond,short,minimal,wedding,Minimal Nude
neutral,oval,medium,classic,date,French Classic
cool,stiletto,short,minimal,party,Korean Pink
neutral,coffin,long,minimal,daily,Minimal Nude
warm,round,short,minimal,work,Minimal Nude
cool,square,long,bold,daily,Cat Eye
cool,stiletto,short,minimal,daily,Minimal Nude
neutral,squoval,short,minimal,wedding,Minimal Nude
cool,round,short,bold,party,Marble
cool,squoval,short,classic,party,Korean Pink
warm,oval,medium,classic,party,Glitter Gold
warm,almond,long,bold,work,Cat Eye
cool,squoval,long,classic,daily,French Classic
warm,squoval,short,bold,date,Cat Eye
neutral,stiletto,short,classic,wedding,French Classic
cool,square,long,bold,wedding,Marble
warm,round,medium,bold,work,Minimal Nude
warm,stiletto,medium,bold,wedding,Glitter Gold
warm,oval,short,minimal,work,Minimal Nude
neutral,round,short,bold,party,Terracotta Swirl
warm,oval,short,bold,wedding,Glitter Gold
neutral,square,long,minimal,wedding,Terracotta Swirl
neutral,oval,long,minimal,party,Terracotta Swirl
warm,squoval,short,minimal,daily,Minimal Nude
warm,round,long,classic,daily,French Classic
neutral,oval,short,classic,work,French Classic
cool,round,short,minimal,date,Minimal Nude
warm,stiletto,short,bold,wedding,Glitter Gold
cool,coffin,long,classic,date,Korean Pink
cool,square,short,minimal,party,Korean Pink
cool,coffin,medium,minimal,date,Korean Pink
neutral,stiletto,medium,minimal,date,Minimal Nude
cool,square,long,bold,wedding,Marble
neutral,round,long,bold,party,Terracotta Swirl
neutral,round,short,bold,wedding,Terracotta Swirl
neutral,oval,long,bold,daily,Terracotta Swirl
warm,square,long,minimal,work,Minimal Nude
cool,oval,long,minimal,wedding,Marble
cool,oval,short,bold,daily,French Classic
warm,coffin,short,minimal,party,Minimal Nude
cool,oval,medium,classic,party,Korean Pink
cool,round,medium,bold,work,Cat Eye
warm,stiletto,short,classic,daily,French Classic
warm,round,medium,minimal,party,Minimal Nude
warm,almond,short,classic,date,French Classic
cool,coffin,short,classic,work,French Classic
cool,oval,short,minimal,wedding,Korean Pink
warm,squoval,long,bold,date,Glitter Gold
cool,square,short,minimal,daily,Minimal Nude
neutral,stiletto,medium,minimal,daily,Minimal Nude
cool,round,medium,bold,date,Cat Eye
warm,round,short,minimal,wedding,Minimal Nude
cool,stiletto,short,classic,party,Korean Pink
neutral,square,short,bold,date,Cat Eye
cool,squoval,medium,minimal,party,Marble
cool,square,short,classic,date,Berry Jelly
neutral,round,short,bold,wedding,Terracotta Swirl
cool,stiletto,long,minimal,date,Berry Jelly
neutral,squoval,long,bold,party,Terracotta Swirl
warm,squoval,medium,minimal,party,Minimal Nude
neutral,round,long,bold,date,Terracotta Swirl
neutral,almond,short,minimal,party,Minimal Nude
warm,oval,short,minimal,daily,Minimal Nude
neutral,squoval,short,bold,work,French Classic
cool,square,long,minimal,daily,Minimal Nude
cool,almond,medium,classic,date,Korean Pink
warm,stiletto,long,bold,date,Glitter Gold
cool,round,medium,minimal,work,Minimal Nude
neutral,stiletto,short,minimal,date,Minimal Nude
cool,stiletto,long,classic,party,Korean Pink
neutral,squoval,long,bold,party,Marble
cool,oval,long,bold,party,Terracotta Swirl
neutral,oval,short,bold,party,Terracotta Swirl
cool,round,medium,classic,wedding,Korean Pink
cool,stiletto,long,bold,daily,Cat Eye
warm,oval,medium,bold,party,Glitter Gold
cool,square,long,classic,date,Korean Pink
warm,squoval,short,classic,party,French Classic
cool,stiletto,short,bold,work,Korean Pink
neutral,squoval,short,bold,date,Cat Eye
warm,stiletto,short,minimal,daily,Minimal Nude
cool,coffin,short,classic,wedding,Korean Pink
neutral,squoval,long,minimal,daily,Minimal Nude
cool,almond,medium,minimal,party,Korean Pink
cool,square,short,classic,daily,French Classic
cool,round,short,bold,work,French Classic
neutral,oval,long,minimal,wedding,Terracotta Swirl
neutral,round,long,minimal,party,Terracotta Swirl
neutral,oval,long,minimal,work,Minimal Nude
cool,coffin,long,bold,wedding,Marble
cool,stiletto,medium,classic,wedding,Korean Pink
cool,coffin,long,bold,party,Marble
warm,almond,long,classic,date,Korean Pink
neutral,square,medium,bold,daily,Cat Eye
cool,square,long,classic,wedding,Korean Pink
neutral,coffin,medium,minimal,work,Minimal Nude
warm,round,long,classic,wedding,Glitter Gold
neutral,round,long,classic,wedding,Korean Pink
cool,squoval,medium,bold,daily,Cat Eye
neutral,stiletto,short,classic,work,French Classic
neutral,stiletto,medium,bold,wedding,Terracotta Swirl
warm,stiletto,long,bold,work,Cat Eye
cool,oval,long,classic,date,Korean Pink
warm,coffin,medium,bold,daily,Cat Eye
warm,coffin,medium,classic,wedding,Korean Pink
neutral,square,medium,minimal,party,Marble
neutral,almond,long,minimal,party,Terracotta Swirl
neutral,round,long,classic,date,Korean Pink
warm,stiletto,short,minimal,work,Minimal Nude
neutral,squoval,short,classic,work,French Classic
cool,square,long,minimal,wedding,Marble
warm,squoval,medium,minimal,work,Minimal Nude
warm,squoval,short,minimal,date,Minimal Nude
cool,squoval,medium,classic,party,Marble
warm,coffin,medium,minimal,wedding,Minimal Nude
neutral,oval,short,bold,daily,French Classic
warm,oval,long,classic,wedding,Glitter Gold
cool,almond,long,classic,work,Korean Pink
cool,square,medium,bold,date,Cat Eye
cool,squoval,long,minimal,wedding,Marble
cool,square,short,minimal,party,Korean Pink
neutral,oval,short,bold,daily,French Classic
warm,round,medium,bold,daily,Cat Eye
neutral,square,long,bold,daily,Terracotta Swirl
warm,coffin,short,bold,daily,Minimal Nude
cool,squoval,medium,minimal,date,Korean Pink
neutral,oval,short,bold,daily,French Classic
neutral,round,long,bold,wedding,Terracotta Swirl
neutral,oval,medium,minimal,date,Minimal Nude
warm,square,short,minimal,party,Minimal Nude
warm,stiletto,medium,bold,work,Cat Eye
cool,square,short,minimal,date,Minimal Nude
warm,coffin,medium,classic,work,Korean Pink
warm,round,long,bold,party,Glitter Gold
warm,stiletto,long,minimal,daily,Minimal Nude
neutral,oval,medium,classic,wedding,Korean Pink
warm,stiletto,short,minimal,wedding,Minimal Nude
neutral,square,medium,bold,daily,Cat Eye
warm,stiletto,short,bold,work,Minimal Nude
cool,almond,medium,bold,daily,Cat Eye
cool,oval,short,classic,party,Korean Pink
cool,stiletto,medium,bold,party,Marble
neutral,stiletto,short,minimal,work,Minimal Nude
warm,stiletto,short,minimal,party,Minimal Nude
cool,stiletto,long,bold,party,Marble
cool,stiletto,medium,bold,daily,Cat Eye
neutral,oval,medium,classic,daily,French Classic
cool,round,short,classic,wedding,French Classic
neutral,stiletto,long,bold,date,Terracotta Swirl
neutral,stiletto,medium,bold,date,Cat Eye
neutral,round,medium,bold,work,Cat Eye
neutral,coffin,long,classic,work,French Classic
neutral,almond,short,minimal,work,Minimal Nude
cool,stiletto,medium,minimal,daily,Minimal Nude
cool,oval,medium,classic,daily,French Classic
neutral,coffin,medium,classic,work,Korean Pink
neutral,squoval,short,classic,party,French Classic
cool,coffin,long,minimal,daily,Minimal Nude
warm,almond,long,minimal,daily,Minimal Nude
neutral,coffin,medium,bold,date,Cat Eye
neutral,squoval,medium,classic,daily,French Classic
cool,square,long,bold,date,Marble
neutral,square,long,classic,daily,Berry Jelly
warm,round,medium,classic,wedding,Korean Pink
cool,coffin,short,minimal,work,Minimal Nude
neutral,coffin,long,classic,daily,French Classic
warm,oval,short,classic,work,French Classic
warm,coffin,medium,minimal,party,Terracotta Swirl
neutral,almond,short,classic,party,French Classic
neutral,oval,medium,minimal,date,Minimal Nude
neutral,squoval,long,classic,date,Korean Pink
warm,coffin,long,minimal,work,Minimal Nude
neutral,almond,long,classic,date,Korean Pink
cool,almond,long,minimal,wedding,Marble
cool,square,medium,minimal,work,Minimal Nude
neutral,coffin,long,classic,date,Korean Pink
neutral,coffin,long,bold,work,Cat Eye
neutral,coffin,medium,bold,wedding,Terracotta Swirl
warm,coffin,long,minimal,date,Minimal Nude
neutral,square,long,minimal,wedding,Terracotta Swirl
neutral,almond,long,bold,party,Terracotta Swirl
neutral,square,medium,minimal,date,Minimal Nude
cool,oval,short,bold,daily,French Classic
warm,square,long,classic,work,French Classic
neutral,stiletto,medium,minimal,date,Korean Pink
warm,almond,long,bold,date,Glitter Gold
neutral,coffin,long,classic,work,French Classic
neutral,square,long,bold,daily,Terracotta Swirl
cool,squoval,long,classic,date,French Classic
cool,oval,long,classic,work,Korean Pink
neutral,coffin,long,classic,date,Korean Pink
neutral,oval,long,minimal,wedding,Terracotta Swirl
neutral,round,short,minimal,date,Minimal Nude
warm,squoval,medium,bold,wedding,Glitter Gold
neutral,stiletto,medium,minimal,wedding,Minimal Nude
warm,round,short,classic,date,Korean Pink
neutral,stiletto,long,classic,party,Terracotta Swirl
neutral,square,short,bold,wedding,Terracotta Swirl
warm,almond,short,bold,work,Minimal Nude
neutral,squoval,short,classic,work,French Classic
neutral,square,medium,classic,wedding,Korean Pink
neutral,almond,medium,bold,daily,Cat Eye
cool,squoval,short,bold,date,Cat Eye
warm,round,long,classic,party,Glitter Gold
warm,squoval,medium,bold,wedding,Cat Eye
cool,almond,long,classic,party,Marble
warm,square,long,minimal,daily,Minimal Nude
neutral,almond,short,bold,daily,French Classic
neutral,stiletto,short,bold,party,Terracotta Swirl
warm,almond,long,bold,party,Glitter Gold
warm,coffin,long,minimal,daily,Minimal Nude
cool,round,short,minimal,daily,Minimal Nude
cool,almond,short,bold,work,French Classic
cool,squoval,medium,bold,party,Marble
warm,squoval,long,minimal,date,Terracotta Swirl
neutral,round,long,bold,daily,Terracotta Swirl
warm,square,long,minimal,wedding,Glitter Gold
cool,almond,short,classic,party,Korean Pink
neutral,round,medium,minimal,date,Minimal Nude
neutral,squoval,long,classic,work,French Classic
neutral,coffin,medium,minimal,date,Minimal Nude
warm,round,short,minimal,date,Minimal Nude
neutral,almond,short,classic,work,French Classic
neutral,square,short,classic,date,French Classic
warm,oval,long,classic,work,French Classic
neutral,stiletto,long,minimal,date,Minimal Nude
neutral,round,medium,bold,daily,Cat Eye
warm,coffin,long,classic,wedding,Glitter Gold
neutral,coffin,short,minimal,wedding,Minimal Nude
warm,square,medium,classic,wedding,Korean Pink
cool,coffin,long,minimal,date,Korean Pink
cool,squoval,short,minimal,wedding,Korean Pink
warm,coffin,long,bold,party,Glitter Gold
cool,oval,long,bold,wedding,Marble
cool,squoval,medium,classic,party,Korean Pink
warm,coffin,long,minimal,wedding,Glitter Gold
warm,almond,short,classic,daily,French Classic
warm,stiletto,long,bold,daily,Glitter Gold
neutral,squoval,long,minimal,daily,Minimal Nude
neutral,almond,medium,bold,work,Cat Eye
warm,stiletto,long,bold,wedding,Glitter Gold
neutral,almond,short,classic,wedding,French Classic
neutral,oval,long,bold,work,Cat Eye
warm,squoval,short,minimal,date,Minimal Nude
neutral,stiletto,short,bold,party,Terracotta Swirl
warm,oval,medium,minimal,daily,Minimal Nude
warm,round,long,minimal,date,Minimal Nude
cool,squoval,medium,classic,daily,Berry Jelly
cool,round,long,bold,wedding,Marble
cool,almond,long,bold,work,Cat Eye
cool,square,long,bold,daily,Cat Eye
cool,oval,long,classic,wedding,Korean Pink
cool,squoval,medium,bold,daily,Cat Eye
warm,squoval,short,minimal,daily,Minimal Nude
cool,oval,short,minimal,work,Minimal Nude
neutral,stiletto,short,bold,work,French Classic
cool,coffin,short,classic,party,Korean Pink
neutral,oval,long,classic,daily,French Classic
warm,almond,long,minimal,work,Minimal Nude
warm,almond,short,minimal,work,Minimal Nude
warm,almond,medium,bold,date,Cat Eye
neutral,coffin,long,classic,daily,French Classic
neutral,squoval,medium,minimal,work,Minimal Nude
neutral,oval,long,minimal,date,Minimal Nude
cool,oval,long,bold,wedding,Marble
neutral,almond,short,minimal,party,Minimal Nude
warm,round,short,bold,date,Cat Eye
warm,almond,short,minimal,party,Minimal Nude
neutral,round,long,bold,daily,Marble
warm,almond,long,minimal,party,Glitter Gold
cool,stiletto,short,bold,date,Cat Eye
cool,stiletto,medium,classic,date,Korean Pink
neutral,almond,short,classic,work,French Classic
warm,stiletto,short,classic,date,French Classic
cool,square,short,minimal,daily,Minimal Nude
warm,almond,short,classic,work,French Classic
cool,squoval,medium,minimal,work,Minimal Nude
neutral,square,medium,bold,party,Terracotta Swirl
neutral,square,long,classic,work,French Classic
neutral,squoval,short,classic,date,French Classic
cool,square,long,classic,party,Korean Pink
neutral,round,long,minimal,party,Terracotta Swirl
warm,round,short,bold,party,Glitter Gold
neutral,almond,long,bold,daily,Terracotta Swirl
neutral,round,short,minimal,party,Minimal Nude
cool,round,short,classic,work,French Classic
neutral,round,long,classic,party,Terracotta Swirl
neutral,square,long,bold,daily,Terracotta Swirl
warm,coffin,medium,classic,daily,French Classic
neutral,stiletto,long,classic,work,Berry Jelly
neutral,almond,long,minimal,date,Minimal Nude
warm,square,short,bold,daily,Minimal Nude
warm,square,medium,classic,party,Glitter Gold
warm,almond,short,bold,daily,Minimal Nude
neutral,square,long,bold,date,Terracotta Swirl
cool,oval,long,minimal,party,Marble
neutral,round,medium,minimal,party,Terracotta Swirl
neutral,round,long,classic,wedding,Korean Pink
neutral,square,long,bold,wedding,Terracotta Swirl
cool,almond,medium,minimal,wedding,Korean Pink
cool,coffin,medium,bold,daily,Cat Eye
cool,round,medium,bold,work,Cat Eye
warm,stiletto,medium,classic,wedding,Korean Pink
warm,coffin,medium,minimal,wedding,Terracotta Swirl
neutral,stiletto,medium,minimal,date,Minimal Nude
cool,square,medium,minimal,date,Korean Pink
neutral,coffin,short,classic,work,French Classic
warm,stiletto,medium,minimal,work,Minimal Nude
warm,stiletto,long,classic,work,French Classic
warm,round,long,bold,party,Glitter Gold
neutral,round,medium,classic,date,Korean Pink
neutral,stiletto,medium,classic,work,French Classic
neutral,square,medium,minimal,date,Minimal Nude
neutral,stiletto,medium,classic,date,French Classic
cool,stiletto,long,minimal,party,Marble
neutral,almond,medium,classic,daily,French Classic
cool,almond,short,classic,wedding,Korean Pink
cool,oval,long,classic,work,Korean Pink
neutral,square,medium,minimal,party,Terracotta Swirl
cool,coffin,medium,classic,party,Korean Pink
warm,almond,short,bold,work,Minimal Nude
neutral,square,short,bold,party,Terracotta Swirl
warm,oval,long,minimal,party,Glitter Gold
warm,squoval,medium,minimal,date,Minimal Nude
cool,stiletto,medium,classic,wedding,Korean Pink
neutral,round,medium,minimal,work,French Classic
cool,stiletto,long,minimal,party,Marble
cool,square,medium,bold,date,Cat Eye
cool,square,short,classic,daily,French Classic
neutral,almond,short,bold,date,Cat Eye
neutral,oval,medium,classic,wedding,Korean Pink
cool,stiletto,long,classic,daily,Korean Pink
cool,squoval,long,minimal,work,Minimal Nude
cool,squoval,long,bold,date,Marble
warm,round,short,classic,work,French Classic
neutral,square,long,classic,date,Korean Pink
cool,squoval,medium,bold,date,Cat Eye
cool,squoval,short,minimal,daily,Minimal Nude
warm,coffin,medium,bold,daily,Cat Eye
cool,round,short,minimal,party,Korean Pink
warm,stiletto,medium,bold,daily,Cat Eye
neutral,oval,short,bold,party,Terracotta Swirl
warm,coffin,medium,classic,work,French Classic
warm,round,short,bold,wedding,Glitter Gold
cool,stiletto,medium,classic,date,Korean Pink
neutral,squoval,short,bold,date,Cat Eye
neutral,squoval,long,bold,date,Terracotta Swirl
neutral,coffin,long,classic,wedding,Korean Pink
warm,stiletto,short,classic,wedding,French Classic
cool,oval,medium,minimal,daily,Minimal Nude
warm,square,medium,classic,date,Korean Pink
cool,square,short,classic,wedding,Korean Pink
warm,almond,medium,minimal,party,Minimal Nude
cool,squoval,short,minimal,party,Korean Pink
warm,square,short,classic,work,French Classic
neutral,stiletto,long,bold,wedding,Terracotta Swirl
neutral,almond,medium,classic,work,French Classic
warm,oval,medium,minimal,party,Minimal Nude
cool,coffin,long,classic,work,Korean Pink
warm,round,long,minimal,work,Minimal Nude
cool,square,short,bold,party,Marble
warm,round,short,minimal,party,Minimal Nude
cool,square,medium,classic,party,Korean Pink
warm,square,short,minimal,daily,Minimal Nude
cool,round,long,classic,work,Korean Pink
cool,stiletto,medium,minimal,daily,Minimal Nude
neutral,oval,medium,classic,work,French Classic
warm,oval,medium,bold,daily,Cat Eye
warm,squoval,medium,bold,wedding,Glitter Gold
warm,coffin,long,minimal,date,Minimal Nude
cool,squoval,long,classic,work,Korean Pink
warm,stiletto,long,minimal,daily,Minimal Nude
cool,square,short,minimal,wedding,Korean Pink
cool,stiletto,short,minimal,daily,Minimal Nude
neutral,squoval,long,bold,work,Cat Eye
warm,oval,short,classic,daily,French Classic
cool,stiletto,long,minimal,daily,Minimal Nude
warm,coffin,long,minimal,work,Minimal Nude
cool,almond,long,classic,party,Korean Pink
warm,coffin,medium,classic,work,French Classic
warm,squoval,long,classic,date,Korean Pink
neutral,squoval,short,bold,work,French Classic
cool,coffin,medium,classic,date,Korean Pink
neutral,oval,short,bold,work,French Classic
cool,almond,medium,classic,daily,French Classic
neutral,squoval,long,minimal,daily,Minimal Nude
cool,stiletto,long,minimal,wedding,Marble
neutral,almond,medium,minimal,date,Minimal Nude
neutral,oval,long,classic,wedding,Korean Pink
cool,round,short,bold,daily,French Classic
warm,stiletto,short,minimal,daily,Minimal Nude
warm,round,long,bold,party,Glitter Gold
neutral,almond,long,bold,wedding,Terracotta Swirl
neutral,coffin,short,minimal,work,Minimal Nude
warm,squoval,long,minimal,wedding,Glitter Gold
cool,stiletto,medium,bold,daily,Cat Eye
cool,almond,short,bold,daily,French Classic
warm,oval,long,minimal,daily,Minimal Nude
neutral,squoval,short,minimal,date,Minimal Nude
neutral,coffin,short,bold,date,Cat Eye
warm,stiletto,long,bold,wedding,Glitter Gold
neutral,coffin,medium,minimal,work,Minimal Nude
neutral,squoval,long,classic,work,French Classic
neutral,squoval,medium,classic,date,Korean Pink
cool,stiletto,medium,classic,party,Korean Pink
cool,almond,short,bold,date,Cat Eye
neutral,coffin,medium,classic,party,Korean Pink
cool,round,long,minimal,wedding,Marble
neutral,oval,medium,minimal,wedding,Minimal Nude
warm,stiletto,medium,minimal,wedding,Minimal Nude
neutral,almond,long,bold,work,Terracotta Swirl
cool,oval,short,classic,wedding,Korean Pink
warm,oval,medium,classic,daily,French Classic
neutral,oval,long,minimal,wedding,Terracotta Swirl
warm,squoval,long,bold,date,Glitter Gold
warm,almond,long,classic,daily,French Classic
neutral,squoval,short,minimal,wedding,Minimal Nude
cool,squoval,short,minimal,date,Minimal Nude
neutral,stiletto,long,classic,daily,French Classic
warm,square,long,bold,work,Cat Eye
neutral,oval,short,minimal,party,Minimal Nude
neutral,almond,long,minimal,work,Minimal Nude
cool,oval,short,classic,daily,French Classic
neutral,round,long,classic,wedding,Marble
cool,stiletto,long,minimal,work,Minimal Nude
warm,squoval,medium,bold,date,Cat Eye
neutral,coffin,long,minimal,work,French Classic
cool,coffin,long,minimal,daily,Minimal Nude
cool,square,medium,minimal,wedding,Korean Pink
neutral,round,medium,minimal,wedding,Minimal Nude
cool,almond,short,classic,daily,French Classic
warm,oval,long,classic,work,French Classic
warm,round,long,minimal,work,Minimal Nude
warm,stiletto,medium,minimal,wedding,Minimal Nude
warm,square,medium,classic,daily,French Classic
neutral,almond,short,minimal,date,Minimal Nude
cool,almond,medium,bold,work,Cat Eye
neutral,round,medium,bold,date,Cat Eye
warm,square,short,bold,date,Cat Eye
cool,coffin,short,minimal,party,Korean Pink
neutral,stiletto,long,classic,daily,Berry Jelly
cool,oval,medium,bold,daily,Cat Eye
cool,stiletto,long,bold,daily,Cat Eye
neutral,squoval,long,bold,daily,Marble
cool,square,medium,classic,work,Berry Jelly
cool,square,long,classic,work,Korean Pink
neutral,square,short,bold,wedding,Terracotta Swirl
warm,almond,medium,minimal,work,Minimal Nude
cool,coffin,short,minimal,party,Korean Pink
neutral,almond,long,bold,work,Cat Eye
neutral,oval,medium,classic,date,Korean Pink
neutral,oval,short,bold,work,French Classic
neutral,stiletto,short,minimal,wedding,Minimal Nude
neutral,oval,medium,minimal,date,Minimal Nude
cool,round,long,bold,daily,Cat Eye
warm,coffin,short,classic,party,French Classic
cool,squoval,long,bold,wedding,Marble
warm,round,short,minimal,daily,Minimal Nude
neutral,almond,medium,bold,date,Cat Eye
neutral,oval,short,bold,daily,French Classic
neutral,stiletto,medium,minimal,date,Minimal Nude
cool,coffin,long,classic,work,Korean Pink
cool,squoval,short,minimal,work,Minimal Nude
cool,stiletto,short,classic,party,Korean Pink
neutral,oval,short,minimal,work,Minimal Nude
cool,stiletto,long,classic,wedding,Korean Pink
warm,squoval,medium,minimal,date,Minimal Nude
cool,coffin,medium,classic,date,Korean Pink
neutral,almond,long,bold,daily,Terracotta Swirl
cool,squoval,short,minimal,date,Minimal Nude
neutral,round,long,classic,date,Korean Pink
warm,oval,medium,classic,party,Glitter Gold
cool,squoval,short,classic,wedding,Korean Pink
warm,coffin,long,minimal,party,Glitter Gold
cool,round,long,bold,daily,Cat Eye
neutral,coffin,long,minimal,party,Terracotta Swirl
cool,round,short,classic,date,Korean Pink
warm,squoval,short,classic,wedding,French Classic
neutral,stiletto,short,bold,daily,Cat Eye
cool,coffin,medium,minimal,date,Korean Pink
neutral,stiletto,long,bold,work,Cat Eye
cool,round,short,classic,date,Korean Pink
warm,oval,short,minimal,daily,Minimal Nude
cool,coffin,medium,classic,work,Korean Pink
warm,oval,short,bold,wedding,Cat Eye
cool,almond,short,bold,party,Marble
neutral,coffin,medium,classic,party,Korean Pink
neutral,almond,short,minimal,date,Minimal Nude
neutral,almond,short,minimal,work,Minimal Nude
neutral,square,short,minimal,daily,Minimal Nude
neutral,square,medium,minimal,daily,Minimal Nude
warm,oval,long,classic,date,Korean Pink
neutral,almond,long,bold,work,Cat Eye
neutral,almond,medium,minimal,daily,Minimal Nude
cool,square,medium,minimal,party,Korean Pink
warm,square,medium,minimal,daily,Minimal Nude
cool,square,long,classic,date,Korean Pink
warm,almond,short,minimal,date,Minimal Nude
neutral,almond,short,classic,date,French Classic
neutral,square,medium,bold,wedding,Terracotta Swirl
neutral,almond,medium,minimal,date,Minimal Nude
neutral,coffin,long,classic,party,Terracotta Swirl
neutral,oval,long,classic,work,French Classic
cool,coffin,short,bold,work,French Classic
cool,squoval,short,classic,wedding,Korean Pink
neutral,oval,short,bold,work,French Classic
cool,stiletto,short,classic,wedding,Korean Pink
cool,stiletto,short,minimal,wedding,Korean Pink
neutral,almond,long,minimal,work,Minimal Nude
cool,coffin,medium,classic,daily,French Classic
cool,oval,long,classic,date,Korean Pink
cool,stiletto,medium,bold,daily,Cat Eye
cool,almond,long,bold,wedding,Marble
warm,oval,long,bold,wedding,Glitter Gold
cool,round,short,classic,daily,French Classic
cool,coffin,long,minimal,date,Korean Pink
warm,almond,short,classic,wedding,French Classic
cool,squoval,short,classic,work,French Classic
cool,oval,long,classic,work,Korean Pink
warm,stiletto,short,minimal,party,Minimal Nude
cool,almond,short,minimal,wedding,Korean Pink
neutral,stiletto,long,classic,wedding,Korean Pink
warm,stiletto,long,bold,work,Cat Eye
warm,squoval,medium,bold,date,Cat Eye
cool,round,long,bold,daily,Cat Eye
warm,round,long,bold,wedding,Terracotta Swirl
neutral,oval,medium,minimal,work,Minimal Nude
neutral,square,medium,bold,daily,Cat Eye
warm,square,short,minimal,date,Minimal Nude
warm,oval,long,classic,date,Korean Pink
warm,coffin,medium,bold,work,Cat Eye
cool,almond,medium,bold,party,Marble
cool,coffin,short,minimal,party,Minimal Nude
cool,oval,long,bold,date,Marble
neutral,coffin,medium,bold,wedding,Terracotta Swirl
warm,coffin,long,bold,daily,Glitter Gold
cool,almond,short,minimal,party,Minimal Nude
neutral,coffin,long,classic,party,Terracotta Swirl
warm,oval,long,classic,wedding,Glitter Gold
neutral,coffin,medium,classic,party,Korean Pink
warm,squoval,short,classic,party,French Classic
warm,square,medium,bold,date,Cat Eye
warm,squoval,long,minimal,wedding,Glitter Gold
warm,stiletto,medium,bold,party,Glitter Gold
cool,oval,long,minimal,date,Korean Pink
cool,squoval,short,classic,work,French Classic
neutral,squoval,medium,bold,wedding,Terracotta Swirl
warm,oval,long,bold,daily,Glitter Gold
neutral,almond,medium,minimal,date,Minimal Nude
cool,almond,short,classic,work,French Classic
cool,round,long,minimal,date,Korean Pink
cool,square,medium,bold,daily,Cat Eye
neutral,stiletto,long,minimal,work,Minimal Nude
cool,almond,medium,classic,date,Korean Pink
warm,oval,long,classic,wedding,Glitter Gold
neutral,square,medium,bold,wedding,Terracotta Swirl
neutral,round,long,bold,party,Terracotta Swirl
cool,round,medium,bold,daily,Korean Pink
cool,round,medium,minimal,work,Minimal Nude
neutral,squoval,long,classic,party,Terracotta Swirl
cool,almond,short,bold,work,French Classic
warm,almond,medium,classic,party,Glitter Gold
neutral,oval,short,minimal,daily,Minimal Nude
warm,coffin,medium,bold,party,Glitter Gold
warm,round,short,bold,party,Glitter Gold
neutral,almond,medium,bold,work,Cat Eye
cool,almond,medium,classic,wedding,Korean Pink
cool,almond,short,bold,party,Marble
warm,coffin,long,classic,party,Glitter Gold
neutral,square,short,minimal,date,Minimal Nude
cool,round,long,classic,daily,Korean Pink
neutral,almond,medium,classic,date,Berry Jelly
warm,oval,medium,bold,daily,Cat Eye
neutral,stiletto,long,classic,date,French Classic
neutral,stiletto,short,classic,party,French Classic
cool,almond,long,classic,party,Korean Pink
cool,square,short,minimal,date,Minimal Nude
neutral,stiletto,long,classic,daily,French Classic
neutral,oval,long,minimal,wedding,Terracotta Swirl
neutral,round,medium,classic,daily,French Classic
warm,stiletto,medium,classic,work,French Classic
cool,stiletto,medium,minimal,daily,Minimal Nude
neutral,coffin,short,bold,party,Terracotta Swirl
warm,square,long,minimal,party,Glitter Gold
neutral,stiletto,short,classic,daily,French Classic
neutral,stiletto,short,classic,party,French Classic
warm,coffin,medium,bold,work,Cat Eye
neutral,stiletto,medium,minimal,wedding,Minimal Nude
warm,round,short,classic,party,French Classic
cool,coffin,long,minimal,party,Marble
cool,squoval,medium,minimal,date,Korean Pink
warm,square,medium,classic,wedding,Korean Pink
neutral,round,short,bold,wedding,Terracotta Swirl
cool,almond,long,classic,wedding,Korean Pink
warm,square,long,bold,party,Glitter Gold
neutral,coffin,short,bold,date,Cat Eye
neutral,square,long,bold,work,Cat Eye
warm,coffin,short,minimal,daily,Minimal Nude
neutral,round,long,classic,wedding,Korean Pink
cool,square,short,minimal,daily,Minimal Nude
warm,almond,long,minimal,date,Minimal Nude
neutral,round,short,bold,work,French Classic
neutral,almond,short,minimal,work,Minimal Nude
cool,coffin,short,bold,party,Marble
cool,stiletto,medium,bold,wedding,Marble
warm,square,short,classic,party,French Classic
warm,square,medium,minimal,party,Minimal Nude
neutral,squoval,short,bold,party,Terracotta Swirl
neutral,stiletto,medium,minimal,date,Minimal Nude
cool,coffin,medium,minimal,daily,Korean Pink
neutral,square,medium,minimal,party,Terracotta Swirl
neutral,round,short,bold,party,Terracotta Swirl
neutral,square,medium,bold,daily,Cat Eye
cool,squoval,medium,classic,daily,French Classic
warm,squoval,long,classic,daily,French Classic
cool,square,long,classic,party,Marble
warm,square,long,classic,daily,French Classic
cool,coffin,short,minimal,date,Korean Pink
neutral,oval,medium,bold,party,Terracotta Swirl
neutral,coffin,medium,classic,daily,French Classic
cool,coffin,short,minimal,daily,Minimal Nude
neutral,almond,short,classic,party,Berry Jelly
neutral,square,medium,bold,party,Terracotta Swirl
warm,round,medium,minimal,wedding,Minimal Nude
warm,squoval,short,minimal,date,Minimal Nude
neutral,stiletto,long,minimal,date,Minimal Nude
warm,round,long,minimal,party,Glitter Gold
cool,almond,short,minimal,work,Korean Pink
warm,square,short,classic,date,French Classic
neutral,round,short,minimal,party,Minimal Nude
neutral,oval,short,minimal,party,Minimal Nude
neutral,coffin,medium,classic,daily,French Classic
neutral,almond,short,classic,work,French Classic
neutral,oval,medium,minimal,daily,Minimal Nude
cool,oval,long,classic,date,Korean Pink
warm,almond,short,minimal,daily,Minimal Nude
neutral,almond,medium,minimal,daily,Minimal Nude
warm,round,short,minimal,daily,Minimal Nude
neutral,square,medium,bold,party,Terracotta Swirl
warm,oval,long,classic,date,Korean Pink
warm,oval,long,bold,daily,Glitter Gold
neutral,squoval,long,minimal,wedding,Terracotta Swirl
warm,almond,short,minimal,daily,Minimal Nude
warm,almond,medium,bold,date,Cat Eye
neutral,coffin,short,classic,daily,French Classic
warm,coffin,medium,classic,work,French Classic
warm,round,long,classic,wedding,Glitter Gold
cool,square,long,classic,daily,Korean Pink
warm,almond,short,minimal,daily,Minimal Nude
warm,round,short,bold,party,Glitter Gold
cool,squoval,short,bold,wedding,Marble
warm,square,short,minimal,work,Minimal Nude
warm,squoval,short,minimal,party,Minimal Nude
warm,squoval,short,minimal,date,Minimal Nude
cool,square,short,classic,work,French Classic
cool,oval,medium,minimal,daily,Minimal Nude
warm,square,short,minimal,party,Minimal Nude
warm,stiletto,medium,minimal,wedding,Minimal Nude
neutral,almond,short,bold,date,Cat Eye
warm,squoval,long,classic,work,French Classic
cool,square,short,bold,party,Marble
warm,oval,medium,classic,date,French Classic
neutral,oval,long,minimal,party,Terracotta Swirl
warm,squoval,long,bold,daily,Glitter Gold
cool,squoval,long,minimal,party,Marble
warm,almond,short,bold,party,Glitter Gold
warm,square,medium,minimal,daily,Cat Eye
cool,oval,long,classic,date,Korean Pink
warm,squoval,medium,minimal,party,Minimal Nude
cool,coffin,medium,bold,daily,Cat Eye
warm,squoval,long,classic,date,French Classic
cool,coffin,long,bold,date,Marble
neutral,round,long,classic,daily,French Classic
neutral,square,short,minimal,party,Minimal Nude
neutral,round,medium,classic,work,French Classic
neutral,round,long,bold,work,Cat Eye
cool,oval,long,minimal,party,Marble
neutral,stiletto,long,minimal,work,Minimal Nude
cool,almond,long,classic,wedding,Berry Jelly
cool,squoval,medium,bold,date,Cat Eye
cool,coffin,long,bold,date,Marble
cool,almond,medium,bold,daily,Cat Eye
cool,round,short,classic,work,French Classic
warm,round,short,classic,daily,French Classic
cool,oval,short,bold,daily,French Classic
neutral,almond,short,classic,wedding,French Classic
neutral,coffin,short,classic,work,French Classic
neutral,coffin,medium,classic,date,Korean Pink
neutral,stiletto,medium,classic,date,Korean Pink
neutral,stiletto,long,classic,party,Terracotta Swirl
warm,stiletto,medium,minimal,wedding,Minimal Nude
cool,square,short,minimal,wedding,Korean Pink
warm,almond,short,bold,date,Cat Eye
warm,stiletto,long,bold,work,Cat Eye
warm,round,medium,bold,work,Cat Eye
cool,oval,short,bold,daily,French Classic
cool,oval,medium,classic,date,Korean Pink
neutral,square,short,minimal,party,Minimal Nude
warm,squoval,medium,minimal,daily,Minimal Nude
neutral,almond,medium,bold,wedding,Terracotta Swirl
cool,stiletto,long,bold,work,Cat Eye
neutral,squoval,medium,bold,daily,Cat Eye
warm,oval,long,bold,daily,Glitter Gold
cool,almond,short,classic,wedding,Korean Pink
neutral,coffin,short,bold,date,Cat Eye
cool,oval,short,minimal,date,Minimal Nude
neutral,coffin,short,bold,party,Terracotta Swirl
cool,almond,long,bold,daily,Cat Eye
cool,squoval,short,bold,party,Marble
cool,round,medium,classic,wedding,Korean Pink
cool,stiletto,long,minimal,work,Minimal Nude
cool,coffin,medium,classic,wedding,Korean Pink
neutral,squoval,long,classic,work,French Classic
neutral,round,short,minimal,wedding,Minimal Nude
neutral,square,short,bold,party,Marble
neutral,square,medium,minimal,date,Minimal Nude
neutral,stiletto,short,minimal,work,Minimal Nude
cool,almond,medium,minimal,wedding,Korean Pink
cool,squoval,long,bold,party,Marble
warm,oval,medium,classic,party,Glitter Gold
neutral,square,medium,minimal,party,Terracotta Swirl
neutral,oval,short,minimal,wedding,Minimal Nude
warm,almond,long,classic,date,Korean Pink
cool,stiletto,medium,bold,party,Marble
warm,square,long,bold,date,Terracotta Swirl
warm,almond,short,minimal,wedding,Minimal Nude
neutral,oval,medium,minimal,daily,Minimal Nude
cool,coffin,medium,minimal,wedding,Korean Pink
neutral,round,long,minimal,work,Minimal Nude
neutral,stiletto,short,bold,wedding,Terracotta Swirl
neutral,stiletto,medium,classic,wedding,French Classic
cool,stiletto,short,minimal,work,Minimal Nude
cool,stiletto,medium,classic,wedding,Korean Pink
warm,round,short,minimal,date,Minimal Nude
warm,stiletto,long,bold,date,Glitter Gold
neutral,almond,long,minimal,party,Terracotta Swirl
warm,round,short,minimal,party,Minimal Nude
neutral,square,short,classic,date,French Classic
cool,oval,long,classic,daily,Korean Pink
warm,oval,short,bold,work,Minimal Nude
cool,oval,short,minimal,daily,Minimal Nude
warm,round,short,classic,party,French Classic
warm,stiletto,long,bold,date,Glitter Gold
cool,round,short,classic,daily,French Classic
warm,almond,short,bold,work,Minimal Nude
cool,round,short,minimal,wedding,Korean Pink
cool,square,short,bold,date,Cat Eye
neutral,round,short,bold,daily,French Classic
neutral,oval,medium,minimal,date,Cat Eye
warm,oval,long,bold,party,Glitter Gold
neutral,oval,medium,bold,daily,Cat Eye
cool,squoval,medium,minimal,date,Korean Pink
warm,stiletto,medium,minimal,party,Minimal Nude
warm,squoval,medium,bold,wedding,Glitter Gold
warm,round,medium,classic,daily,French Classic
cool,almond,long,classic,party,Korean Pink
cool,square,medium,minimal,daily,Minimal Nude
cool,coffin,medium,minimal,daily,Minimal Nude
cool,coffin,short,classic,party,Korean Pink
neutral,round,short,minimal,party,Minimal Nude
neutral,round,long,minimal,daily,Minimal Nude
warm,square,short,bold,party,Glitter Gold
cool,coffin,medium,classic,date,Korean Pink
neutral,squoval,medium,classic,date,Korean Pink
cool,almond,medium,minimal,party,Korean Pink
cool,squoval,medium,minimal,work,French Classic
warm,stiletto,short,classic,daily,French Classic
cool,almond,long,classic,work,Korean Pink
neutral,round,short,bold,date,Cat Eye
cool,oval,medium,bold,party,Marble
cool,almond,medium,bold,date,Cat Eye
cool,round,medium,classic,wedding,Korean Pink
cool,squoval,short,minimal,work,Minimal Nude
cool,coffin,short,classic,party,Korean Pink
neutral,squoval,medium,minimal,date,Minimal Nude
neutral,almond,long,bold,date,Terracotta Swirl
neutral,stiletto,short,bold,daily,French Classic
cool,almond,medium,bold,wedding,Marble
cool,square,short,minimal,date,Korean Pink
cool,stiletto,long,bold,daily,Cat Eye
neutral,square,medium,minimal,party,Terracotta Swirl
cool,squoval,medium,minimal,work,Minimal Nude
neutral,square,long,minimal,daily,Minimal Nude
warm,square,short,minimal,date,Minimal Nude
cool,coffin,medium,bold,date,Cat Eye
cool,round,long,classic,date,Berry Jelly
cool,almond,medium,classic,date,Berry Jelly
warm,coffin,long,minimal,wedding,Glitter Gold
neutral,square,short,bold,wedding,Terracotta Swirl
cool,oval,medium,bold,daily,Cat Eye
neutral,oval,medium,classic,daily,French Classic
neutral,squoval,short,bold,daily,French Classic
neutral,round,long,classic,wedding,Marble
cool,squoval,short,classic,daily,French Classic
cool,almond,medium,classic,date,Korean Pink
cool,squoval,medium,bold,date,Cat Eye
neutral,oval,short,bold,date,Cat Eye
neutral,squoval,short,bold,party,Terracotta Swirl
neutral,almond,long,classic,date,Korean Pink
warm,almond,short,classic,party,French Classic
warm,coffin,long,classic,party,Glitter Gold
warm,coffin,short,classic,wedding,French Classic
neutral,oval,medium,bold,date,Cat Eye
warm,round,short,minimal,daily,Minimal Nude
cool,squoval,medium,bold,party,Marble
warm,oval,short,classic,work,Minimal Nude
neutral,almond,short,bold,daily,French Classic
cool,stiletto,short,minimal,daily,Minimal Nude
cool,stiletto,short,classic,wedding,Korean Pink
warm,squoval,long,minimal,work,Minimal Nude
neutral,almond,short,bold,date,Cat Eye
neutral,square,medium,minimal,work,Minimal Nude
cool,square,long,bold,party,Marble
neutral,oval,medium,minimal,work,Minimal Nude
warm,square,medium,classic,wedding,Korean Pink
warm,squoval,long,classic,daily,French Classic
cool,squoval,long,minimal,wedding,Marble
warm,square,medium,bold,wedding,Glitter Gold
warm,coffin,long,minimal,daily,Minimal Nude
neutral,oval,medium,bold,party,Terracotta Swirl
neutral,square,long,minimal,date,Minimal Nude
cool,squoval,short,classic,wedding,Korean Pink
warm,square,short,minimal,party,Minimal Nude
neutral,squoval,short,classic,daily,French Classic
cool,squoval,long,classic,wedding,Korean Pink
warm,stiletto,short,bold,wedding,Glitter Gold
cool,squoval,long,bold,date,Marble
cool,coffin,short,minimal,work,Minimal Nude
neutral,oval,short,classic,work,French Classic
cool,almond,short,minimal,work,Minimal Nude
neutral,stiletto,long,minimal,date,Minimal Nude
cool,squoval,medium,bold,work,Cat Eye
neutral,almond,medium,classic,work,Korean Pink
warm,squoval,medium,bold,work,Cat Eye
neutral,coffin,long,bold,work,Cat Eye
cool,oval,medium,bold,work,French Classic
cool,almond,medium,minimal,daily,Minimal Nude
warm,almond,short,minimal,date,Minimal Nude
cool,stiletto,long,classic,daily,Korean Pink
warm,oval,medium,classic,party,Glitter Gold
cool,stiletto,short,bold,work,French Classic
cool,coffin,long,minimal,party,Marble
warm,round,medium,classic,work,French Classic
warm,square,long,bold,party,Terracotta Swirl
warm,stiletto,medium,bold,party,Glitter Gold
neutral,squoval,long,classic,date,Korean Pink
warm,almond,short,minimal,wedding,Minimal Nude
cool,square,long,bold,date,Marble
warm,round,medium,bold,date,Cat Eye
cool,coffin,medium,minimal,date,Korean Pink
cool,oval,long,classic,wedding,Korean Pink
warm,round,medium,bold,date,Cat Eye
cool,round,medium,minimal,work,Minimal Nude
cool,coffin,medium,classic,wedding,Korean Pink
cool,almond,medium,bold,wedding,Marble
warm,square,long,classic,work,French Classic
neutral,coffin,medium,minimal,work,Minimal Nude
warm,oval,short,classic,wedding,French Classic
cool,squoval,short,classic,daily,French Classic
neutral,almond,medium,classic,party,Korean Pink
neutral,stiletto,short,minimal,wedding,Terracotta Swirl
warm,stiletto,short,bold,date,Cat Eye
neutral,coffin,long,minimal,date,Minimal Nude
warm,almond,long,minimal,party,Glitter Gold
warm,stiletto,medium,bold,daily,Cat Eye
warm,square,long,bold,daily,Glitter Gold
neutral,round,medium,minimal,daily,Korean Pink
neutral,squoval,medium,bold,wedding,Terracotta Swirl
warm,square,short,bold,date,Cat Eye
cool,coffin,long,bold,work,Cat Eye
warm,stiletto,long,classic,wedding,Glitter Gold
neutral,round,long,bold,party,Marble
warm,oval,medium,minimal,daily,Minimal Nude
warm,squoval,medium,classic,work,French Classic
cool,stiletto,medium,bold,wedding,Marble
neutral,oval,medium,bold,daily,Cat Eye
neutral,oval,medium,classic,party,Korean Pink
neutral,almond,medium,minimal,party,Terracotta Swirl
neutral,oval,medium,bold,party,Glitter Gold
cool,squoval,long,minimal,work,Minimal Nude
neutral,coffin,long,bold,daily,Terracotta Swirl
cool,round,medium,classic,work,Korean Pink
neutral,square,short,bold,party,Terracotta Swirl
warm,almond,short,minimal,date,Minimal Nude
cool,squoval,short,classic,date,Korean Pink
cool,square,long,minimal,date,Marble
neutral,squoval,short,minimal,party,Terracotta Swirl
neutral,square,medium,bold,party,Terracotta Swirl
cool,almond,medium,classic,work,Korean Pink
warm,coffin,long,classic,daily,French Classic
warm,round,medium,minimal,daily,Minimal Nude
cool,squoval,long,classic,date,Korean Pink
cool,almond,long,classic,party,Korean Pink
warm,oval,short,minimal,work,Minimal Nude
warm,coffin,short,minimal,work,Minimal Nude
warm,coffin,short,classic,date,French Classic
cool,stiletto,medium,minimal,party,Korean Pink
warm,oval,short,bold,party,Glitter Gold
cool,round,medium,bold,work,Cat Eye
neutral,stiletto,medium,minimal,wedding,Marble
neutral,squoval,medium,classic,date,Korean Pink
neutral,square,short,classic,party,French Classic
neutral,coffin,long,bold,party,Terracotta Swirl
warm,almond,short,classic,date,French Classic
warm,square,long,classic,party,Glitter Gold
neutral,coffin,medium,classic,party,Terracotta Swirl
neutral,oval,medium,classic,party,Korean Pink
warm,almond,long,classic,date,Korean Pink
neutral,coffin,medium,minimal,wedding,Minimal Nude
cool,squoval,long,bold,wedding,Marble
warm,almond,short,classic,daily,French Classic
warm,oval,short,minimal,date,Minimal Nude
cool,squoval,medium,minimal,work,Minimal Nude
warm,square,medium,classic,work,French Classic
neutral,round,short,classic,party,French Classic
warm,round,long,minimal,party,Glitter Gold
cool,stiletto,medium,minimal,date,Korean Pink
warm,stiletto,long,bold,date,Glitter Gold
neutral,round,medium,classic,daily,French Classic
neutral,almond,short,bold,daily,French Classic
warm,coffin,short,minimal,wedding,Minimal Nude
cool,coffin,medium,bold,party,Marble
warm,oval,long,classic,wedding,Glitter Gold
warm,stiletto,short,classic,party,French Classic
warm,oval,medium,classic,wedding,Korean Pink
warm,square,medium,bold,party,Glitter Gold
neutral,oval,short,bold,party,Terracotta Swirl
warm,stiletto,medium,classic,party,Glitter Gold
neutral,stiletto,long,classic,daily,French Classic
warm,coffin,long,minimal,daily,Minimal Nude
cool,stiletto,short,classic,daily,French Classic
warm,coffin,long,minimal,date,Terracotta Swirl
neutral,stiletto,long,bold,wedding,Terracotta Swirl
neutral,coffin,long,classic,wedding,Korean Pink
warm,stiletto,medium,bold,date,Cat Eye
neutral,squoval,medium,bold,work,Cat Eye
neutral,stiletto,long,bold,party,Terracotta Swirl
neutral,squoval,short,classic,daily,Minimal Nude
cool,coffin,long,bold,work,Cat Eye
neutral,square,short,minimal,date,Minimal Nude
neutral,square,long,minimal,daily,Terracotta Swirl
neutral,square,short,classic,party,French Classic
warm,coffin,short,classic,wedding,French Classic
cool,round,short,bold,daily,French Classic
neutral,coffin,short,classic,wedding,French Classic
neutral,almond,long,bold,date,Terracotta Swirl
warm,square,medium,classic,date,French Classic
neutral,squoval,long,bold,work,Cat Eye
neutral,almond,short,classic,party,Berry Jelly
cool,stiletto,medium,minimal,daily,Minimal Nude
cool,oval,medium,minimal,wedding,Korean Pink
cool,almond,long,bold,party,Marble
neutral,squoval,long,classic,party,Terracotta Swirl
cool,coffin,medium,minimal,work,Minimal Nude
cool,coffin,medium,minimal,date,Korean Pink
warm,coffin,short,classic,party,French Classic
neutral,square,short,bold,party,Terracotta Swirl
cool,almond,medium,minimal,date,Korean Pink
cool,square,medium,classic,wedding,Korean Pink
warm,oval,long,classic,daily,French Classic
cool,square,short,minimal,party,Berry Jelly
cool,round,short,classic,party,Korean Pink
neutral,squoval,medium,classic,party,Korean Pink
neutral,oval,short,bold,party,Terracotta Swirl
neutral,squoval,short,bold,wedding,Cat Eye
neutral,almond,medium,classic,work,French Classic
cool,almond,short,bold,party,Marble
neutral,round,short,bold,daily,French Classic
neutral,square,long,bold,daily,Terracotta Swirl
warm,oval,long,bold,date,Glitter Gold
neutral,almond,short,classic,date,French Classic
warm,coffin,long,minimal,daily,Minimal Nude
warm,oval,long,bold,party,Marble
neutral,square,medium,bold,daily,Cat Eye
warm,square,medium,minimal,party,Terracotta Swirl
cool,squoval,medium,minimal,daily,Minimal Nude
neutral,oval,medium,minimal,work,Minimal Nude
warm,oval,medium,classic,work,Minimal Nude
warm,round,long,minimal,wedding,Glitter Gold
cool,oval,medium,classic,wedding,Korean Pink
warm,round,short,minimal,date,Minimal Nude
cool,almond,long,classic,daily,Korean Pink
cool,squoval,long,classic,daily,Korean Pink
cool,coffin,short,minimal,wedding,Korean Pink
neutral,coffin,short,minimal,date,Minimal Nude
warm,square,long,classic,party,Marble
neutral,oval,short,classic,date,French Classic
warm,almond,medium,bold,party,Terracotta Swirl
neutral,square,long,minimal,daily,French Classic
cool,almond,medium,bold,party,Marble
neutral,oval,long,bold,wedding,Glitter Gold
neutral,almond,short,classic,daily,French Classic
warm,stiletto,short,bold,date,Cat Eye
cool,oval,long,bold,wedding,Marble
cool,coffin,medium,bold,party,Marble
neutral,square,medium,minimal,party,Terracotta Swirl
cool,round,long,minimal,daily,Minimal Nude
warm,round,long,minimal,party,Glitter Gold
neutral,coffin,medium,classic,date,Berry Jelly
neutral,round,long,minimal,party,Terracotta Swirl
cool,stiletto,medium,bold,wedding,Marble
neutral,round,short,classic,wedding,French Classic
cool,round,short,bold,daily,French Classic
neutral,coffin,medium,minimal,daily,Minimal Nude
neutral,square,long,minimal,work,Minimal Nude
cool,round,medium,classic,date,Korean Pink
warm,stiletto,long,classic,daily,French Classic
neutral,almond,medium,minimal,date,Minimal Nude
neutral,almond,long,bold,date,Terracotta Swirl
warm,almond,short,bold,daily,Minimal Nude
neutral,stiletto,short,bold,wedding,Terracotta Swirl
neutral,round,long,bold,date,Terracotta Swirl
neutral,almond,medium,minimal,party,Terracotta Swirl
neutral,round,medium,classic,party,Korean Pink
neutral,almond,medium,classic,wedding,Korean Pink
warm,coffin,short,minimal,wedding,Minimal Nude
neutral,squoval,medium,minimal,party,Terracotta Swirl
warm,almond,short,bold,work,Minimal Nude
cool,round,short,minimal,work,Minimal Nude
warm,coffin,long,minimal,daily,Minimal Nude
warm,almond,long,classic,wedding,Glitter Gold
cool,oval,medium,minimal,wedding,Korean Pink
warm,round,long,bold,party,Glitter Gold
neutral,squoval,long,minimal,daily,Minimal Nude
warm,squoval,medium,bold,daily,Cat Eye
warm,stiletto,medium,minimal,wedding,Minimal Nude
cool,round,short,bold,daily,French Classic
cool,stiletto,medium,classic,daily,French Classic
cool,oval,long,bold,date,Cat Eye
cool,stiletto,medium,bold,date,Cat Eye
neutral,coffin,short,classic,date,French Classic
warm,round,short,minimal,date,Minimal Nude
neutral,stiletto,short,bold,work,French Classic
cool,square,medium,classic,date,Korean Pink
warm,oval,short,minimal,work,Minimal Nude
cool,almond,long,classic,wedding,Korean Pink
neutral,stiletto,short,minimal,party,Minimal Nude
cool,square,medium,minimal,date,Korean Pink
neutral,oval,short,minimal,date,Minimal Nude
neutral,stiletto,short,classic,wedding,French Classic
warm,coffin,short,minimal,wedding,Minimal Nude
cool,coffin,long,classic,date,Korean Pink
neutral,almond,medium,bold,wedding,Terracotta Swirl
warm,round,medium,minimal,party,Minimal Nude
warm,coffin,short,bold,work,Minimal Nude
warm,oval,medium,bold,wedding,Glitter Gold
cool,oval,medium,minimal,daily,Minimal Nude
warm,square,short,bold,daily,Minimal Nude
cool,oval,long,bold,wedding,Marble
warm,oval,medium,minimal,work,Minimal Nude
neutral,oval,medium,bold,work,Cat Eye
warm,oval,medium,minimal,daily,Minimal Nude
warm,squoval,long,minimal,wedding,Glitter Gold
cool,squoval,short,classic,wedding,Korean Pink
neutral,stiletto,long,classic,daily,French Classic
warm,stiletto,short,minimal,date,Minimal Nude
cool,square,long,classic,work,Korean Pink
neutral,almond,short,bold,wedding,Terracotta Swirl
cool,oval,short,bold,wedding,Marble
neutral,almond,medium,minimal,daily,Minimal Nude
neutral,almond,short,minimal,date,Minimal Nude
neutral,stiletto,long,classic,party,Terracotta Swirl
warm,square,long,classic,date,Korean Pink
neutral,squoval,medium,classic,date,Korean Pink
neutral,coffin,short,minimal,work,Minimal Nude
cool,stiletto,short,classic,work,French Classic
cool,almond,short,classic,wedding,Korean Pink
warm,stiletto,short,classic,party,French Classic
warm,almond,short,classic,date,French Classic
cool,squoval,medium,classic,party,Korean Pink
cool,square,medium,classic,daily,French Classic
warm,square,long,minimal,wedding,Glitter Gold
cool,stiletto,long,bold,date,Marble
cool,oval,short,minimal,daily,Minimal Nude
neutral,oval,medium,minimal,wedding,Minimal Nude
neutral,stiletto,long,classic,work,French Classic
warm,stiletto,long,bold,date,Glitter Gold
warm,stiletto,medium,classic,wedding,Korean Pink
cool,squoval,long,bold,daily,Cat Eye
neutral,stiletto,short,classic,work,French Classic
neutral,oval,medium,minimal,date,Minimal Nude
neutral,stiletto,medium,bold,party,Terracotta Swirl
warm,square,short,classic,party,French Classic
cool,stiletto,long,minimal,wedding,Marble
warm,square,long,minimal,party,Glitter Gold
cool,square,short,classic,party,Korean Pink
cool,stiletto,long,bold,wedding,Marble
warm,almond,short,minimal,work,Minimal Nude
cool,almond,long,bold,date,Marble
cool,squoval,short,classic,daily,French Classic
warm,squoval,short,classic,date,French Classic
neutral,square,short,minimal,daily,Minimal Nude
warm,round,long,bold,party,Glitter Gold
warm,squoval,medium,minimal,work,Minimal Nude
neutral,round,medium,minimal,wedding,Minimal Nude
warm,square,medium,classic,work,French Classic
warm,almond,medium,classic,daily,French Classic
warm,oval,short,classic,party,French Classic
neutral,squoval,short,bold,date,Cat Eye
neutral,oval,long,bold,party,Terracotta Swirl
warm,oval,medium,minimal,party,Minimal Nude
warm,almond,medium,bold,party,Glitter Gold
neutral,round,long,minimal,wedding,Terracotta Swirl
cool,square,long,bold,wedding,Marble
warm,squoval,short,minimal,date,Minimal Nude
cool,squoval,long,minimal,date,Marble
warm,oval,short,classic,date,French Classic
warm,coffin,long,bold,work,Cat Eye
cool,stiletto,long,minimal,wedding,Marble
neutral,stiletto,medium,classic,party,Korean Pink
warm,almond,short,classic,daily,Korean Pink
neutral,coffin,medium,classic,wedding,Korean Pink
warm,squoval,short,minimal,wedding,Minimal Nude
warm,square,long,bold,party,Glitter Gold
warm,round,long,bold,work,Cat Eye
cool,oval,medium,classic,work,Korean Pink
warm,almond,short,minimal,wedding,Minimal Nude
neutral,squoval,short,minimal,daily,Minimal Nude
warm,squoval,medium,minimal,work,Minimal Nude
neutral,almond,short,classic,daily,French Classic
neutral,coffin,long,bold,daily,Terracotta Swirl
cool,squoval,short,bold,daily,Cat Eye
warm,oval,medium,minimal,work,French Classic
warm,round,medium,minimal,daily,Minimal Nude
warm,stiletto,long,minimal,work,Cat Eye
warm,stiletto,medium,classic,date,French Classic
neutral,oval,long,classic,party,Terracotta Swirl
warm,round,medium,classic,work,Korean Pink
cool,round,medium,minimal,party,Korean Pink
neutral,stiletto,medium,bold,date,Cat Eye
warm,oval,medium,classic,date,French Classic
warm,coffin,long,bold,work,Cat Eye
warm,almond,medium,bold,party,Glitter Gold
neutral,oval,medium,minimal,wedding,Minimal Nude
neutral,squoval,short,classic,daily,French Classic
neutral,squoval,medium,bold,work,Cat Eye
neutral,round,short,minimal,date,Minimal Nude
warm,square,short,bold,party,Glitter Gold
neutral,round,short,minimal,wedding,Minimal Nude
warm,oval,medium,minimal,daily,Minimal Nude
neutral,almond,medium,bold,wedding,Terracotta Swirl
cool,coffin,short,bold,party,Marble
cool,stiletto,short,minimal,wedding,Korean Pink
warm,almond,short,bold,work,Minimal Nude
neutral,coffin,short,bold,party,Terracotta Swirl
warm,squoval,long,minimal,daily,Minimal Nude
warm,oval,short,bold,work,Minimal Nude
warm,round,short,bold,date,Cat Eye
warm,oval,long,minimal,party,Glitter Gold
cool,oval,long,minimal,work,Minimal Nude
neutral,oval,medium,classic,date,Korean Pink
neutral,oval,medium,classic,daily,French Classic
cool,squoval,medium,minimal,party,Korean Pink
neutral,almond,long,classic,work,French Classic
cool,round,medium,classic,daily,French Classic
cool,almond,long,minimal,date,Korean Pink
cool,squoval,medium,classic,party,Korean Pink
neutral,almond,medium,minimal,wedding,Minimal Nude
cool,oval,short,minimal,daily,Korean Pink
neutral,coffin,medium,classic,party,Korean Pink
cool,coffin,medium,classic,party,Korean Pink
neutral,round,medium,minimal,daily,Minimal Nude
neutral,oval,short,classic,wedding,French Classic
neutral,square,long,bold,party,Terracotta Swirl
cool,coffin,short,bold,party,Marble
neutral,oval,short,classic,daily,French Classic
cool,coffin,long,bold,daily,Cat Eye
neutral,oval,medium,bold,party,Terracotta Swirl
warm,square,short,bold,date,Cat Eye
warm,round,short,minimal,party,Minimal Nude
neutral,round,long,minimal,party,Terracotta Swirl
cool,square,long,classic,date,Korean Pink
neutral,squoval,long,classic,party,Terracotta Swirl
neutral,stiletto,short,minimal,date,Minimal Nude
cool,stiletto,short,classic,work,French Classic
cool,coffin,medium,minimal,work,Minimal Nude
warm,round,short,bold,party,Glitter Gold
neutral,square,long,classic,work,French Classic
warm,coffin,short,minimal,party,Minimal Nude
warm,squoval,long,minimal,work,Minimal Nude
neutral,oval,short,classic,party,French Classic
neutral,round,long,minimal,daily,Minimal Nude
cool,round,medium,minimal,wedding,Korean Pink
cool,squoval,long,minimal,daily,Minimal Nude
neutral,almond,short,minimal,work,Minimal Nude
warm,squoval,long,bold,wedding,Glitter Gold
cool,stiletto,medium,bold,party,Marble
neutral,square,medium,minimal,wedding,Minimal Nude
cool,almond,short,classic,wedding,Korean Pink
warm,squoval,long,classic,work,French Classic
neutral,square,long,minimal,wedding,Terracotta Swirl
neutral,coffin,medium,bold,party,Terracotta Swirl
warm,coffin,medium,minimal,wedding,Minimal Nude
neutral,square,long,classic,work,French Classic
cool,coffin,long,minimal,wedding,Marble
cool,coffin,long,minimal,party,Marble
warm,coffin,short,bold,date,Cat Eye
neutral,almond,short,minimal,party,Minimal Nude
cool,stiletto,long,bold,party,Marble
cool,round,medium,bold,date,Cat Eye
warm,oval,long,bold,daily,Glitter Gold
neutral,round,short,classic,party,French Classic
warm,coffin,medium,bold,party,Glitter Gold
neutral,round,long,minimal,date,Minimal Nude
cool,round,long,classic,work,Korean Pink
neutral,round,long,classic,party,Terracotta Swirl
neutral,coffin,long,classic,date,Korean Pink
cool,stiletto,short,minimal,wedding,Korean Pink
warm,round,short,classic,date,French Classic
neutral,round,long,classic,work,French Classic
cool,almond,long,minimal,wedding,Berry Jelly
warm,stiletto,medium,classic,wedding,Korean Pink
neutral,stiletto,short,bold,date,Cat Eye
warm,squoval,short,bold,party,Glitter Gold
cool,stiletto,short,classic,party,Korean Pink
cool,oval,long,bold,daily,Cat Eye
cool,almond,long,minimal,wedding,Marble
neutral,almond,medium,bold,work,Cat Eye
neutral,squoval,short,classic,work,French Classic
warm,stiletto,long,minimal,daily,Minimal Nude
warm,stiletto,medium,bold,party,Glitter Gold
neutral,stiletto,short,minimal,date,Minimal Nude
cool,coffin,medium,classic,party,Korean Pink
neutral,coffin,medium,classic,work,French Classic
neutral,squoval,short,minimal,wedding,Minimal Nude
neutral,stiletto,short,bold,wedding,Terracotta Swirl
warm,almond,short,classic,party,French Classic
warm,oval,short,bold,work,Minimal Nude
warm,square,long,bold,daily,Glitter Gold
warm,squoval,medium,bold,work,Cat Eye
warm,square,medium,minimal,daily,Minimal Nude
neutral,coffin,medium,bold,party,Terracotta Swirl
neutral,coffin,medium,minimal,daily,Minimal Nude
cool,squoval,medium,bold,date,Cat Eye
neutral,coffin,medium,bold,daily,Cat Eye
neutral,squoval,medium,bold,party,Terracotta Swirl
warm,round,short,minimal,party,Minimal Nude
neutral,oval,short,bold,date,Cat Eye
cool,square,long,bold,daily,Cat Eye
warm,squoval,medium,bold,party,Glitter Gold
warm,round,medium,minimal,date,Minimal Nude
neutral,round,medium,bold,date,Cat Eye
neutral,squoval,short,bold,date,Cat Eye
neutral,round,short,bold,daily,French Classic
neutral,coffin,short,minimal,date,Minimal Nude
cool,round,short,minimal,date,Minimal Nude
warm,round,long,classic,daily,French Classic
neutral,square,medium,bold,work,Cat Eye
neutral,round,short,classic,daily,French Classic
neutral,stiletto,medium,bold,date,Cat Eye
neutral,squoval,long,classic,date,Korean Pink
cool,almond,long,bold,work,Cat Eye
neutral,stiletto,short,minimal,daily,Minimal Nude
cool,stiletto,short,minimal,date,Minimal Nude
neutral,square,medium,minimal,date,Minimal Nude
neutral,square,medium,classic,work,French Classic
warm,square,long,classic,work,French Classic
warm,coffin,long,classic,work,French Classic
neutral,coffin,long,bold,date,Terracotta Swirl
warm,square,medium,classic,daily,French Classic
warm,round,medium,minimal,date,Minimal Nude
neutral,squoval,short,classic,daily,French Classic
cool,stiletto,medium,minimal,work,Minimal Nude
warm,squoval,short,classic,daily,French Classic
warm,oval,long,bold,wedding,Glitter Gold
cool,round,long,classic,date,Korean Pink
neutral,square,long,minimal,daily,Minimal Nude
cool,oval,medium,bold,date,Cat Eye
cool,squoval,long,minimal,wedding,Berry Jelly
neutral,oval,long,minimal,work,Minimal Nude
neutral,square,short,bold,wedding,Terracotta Swirl
warm,coffin,long,classic,party,Glitter Gold
cool,stiletto,medium,bold,wedding,Marble
cool,almond,long,minimal,wedding,Marble
warm,square,medium,classic,daily,French Classic
warm,coffin,short,minimal,work,Minimal Nude
warm,coffin,medium,bold,party,Glitter Gold
warm,squoval,long,bold,work,Cat Eye
neutral,coffin,long,bold,daily,Terracotta Swirl
neutral,oval,long,minimal,party,Terracotta Swirl
neutral,square,short,bold,date,Cat Eye
warm,almond,medium,minimal,date,Minimal Nude
warm,round,medium,minimal,date,Minimal Nude
warm,squoval,medium,classic,work,French Classic
warm,square,long,minimal,date,Minimal Nude
warm,square,medium,classic,wedding,Korean Pink
warm,coffin,long,bold,party,Glitter Gold
cool,coffin,long,minimal,party,Marble
cool,round,medium,minimal,date,Korean Pink
cool,square,short,minimal,wedding,Korean Pink
warm,squoval,medium,minimal,daily,Minimal Nude
warm,round,long,bold,work,Cat Eye
cool,round,short,bold,wedding,Marble
cool,square,medium,classic,party,Korean Pink
neutral,stiletto,medium,minimal,party,Terracotta Swirl
cool,oval,short,classic,party,French Classic
warm,round,short,classic,daily,French Classic
cool,coffin,medium,minimal,work,Minimal Nude
cool,coffin,medium,minimal,party,Korean Pink
cool,stiletto,long,bold,work,Cat Eye
cool,almond,long,bold,party,Marble
warm,stiletto,short,minimal,work,Minimal Nude
warm,stiletto,long,minimal,daily,Minimal Nude
cool,squoval,long,bold,daily,Cat Eye
cool,square,medium,minimal,party,Korean Pink
warm,coffin,long,minimal,work,Minimal Nude
warm,stiletto,medium,bold,work,Cat Eye
cool,oval,medium,bold,daily,Cat Eye
neutral,almond,short,minimal,date,Minimal Nude
warm,oval,short,minimal,party,Minimal Nude
warm,squoval,short,bold,work,Minimal Nude
cool,squoval,long,classic,work,Korean Pink
cool,squoval,short,bold,party,Marble
cool,round,medium,classic,wedding,Korean Pink
neutral,squoval,short,classic,daily,French Classic
warm,round,long,bold,wedding,Glitter Gold
cool,square,long,minimal,party,Marble
cool,square,medium,classic,daily,French Classic
neutral,almond,short,classic,wedding,French Classic
cool,coffin,long,bold,date,Marble
neutral,square,short,bold,party,Terracotta Swirl
warm,coffin,long,bold,daily,Terracotta Swirl
warm,oval,long,classic,daily,Korean Pink
neutral,square,medium,bold,party,Terracotta Swirl
warm,almond,long,minimal,daily,Minimal Nude
cool,almond,long,classic,date,Korean Pink
cool,squoval,long,bold,daily,Cat Eye
warm,squoval,medium,bold,date,Cat Eye
warm,almond,medium,bold,work,Cat Eye
neutral,round,long,minimal,party,Terracotta Swirl
neutral,stiletto,long,minimal,work,Minimal Nude
neutral,squoval,long,classic,party,Terracotta Swirl
warm,oval,short,minimal,date,Minimal Nude
neutral,round,long,classic,date,Korean Pink
neutral,square,medium,minimal,wedding,Minimal Nude
neutral,round,short,minimal,daily,Minimal Nude
cool,round,long,minimal,wedding,Marble
cool,stiletto,short,bold,work,French Classic
warm,almond,short,minimal,wedding,Minimal Nude
cool,square,short,bold,date,Cat Eye
warm,squoval,long,classic,wedding,Glitter Gold
neutral,stiletto,short,classic,work,French Classic
cool,oval,medium,minimal,date,Korean Pink
neutral,round,long,bold,party,Terracotta Swirl
cool,stiletto,long,bold,date,Marble
cool,oval,medium,classic,work,Korean Pink
cool,oval,medium,minimal,party,Korean Pink
cool,round,medium,minimal,party,Korean Pink
warm,oval,long,classic,work,French Classic
warm,square,short,minimal,party,Minimal Nude
warm,round,short,minimal,party,Minimal Nude
neutral,squoval,short,bold,date,Cat Eye
warm,almond,short,classic,party,French Classic
neutral,round,short,minimal,daily,Minimal Nude
neutral,almond,short,minimal,daily,Minimal Nude
cool,stiletto,long,minimal,work,Minimal Nude
neutral,squoval,short,classic,wedding,French Classic
warm,round,long,bold,wedding,Glitter Gold
warm,round,short,minimal,date,Minimal Nude
neutral,stiletto,medium,minimal,daily,Minimal Nude
warm,oval,medium,classic,work,French Classic
cool,oval,long,classic,daily,Korean Pink
warm,oval,short,classic,wedding,Korean Pink
warm,square,short,minimal,date,Minimal Nude
cool,almond,medium,bold,work,Cat Eye
warm,coffin,long,classic,date,Korean Pink
cool,round,medium,classic,wedding,Korean Pink
neutral,stiletto,short,minimal,work,Minimal Nude
warm,square,short,classic,party,French Classic
cool,stiletto,short,minimal,date,Minimal Nude
neutral,square,short,minimal,wedding,Minimal Nude
warm,stiletto,medium,classic,wedding,Korean Pink
cool,coffin,medium,bold,wedding,Marble
neutral,oval,medium,classic,date,Korean Pink
neutral,squoval,long,bold,work,Cat Eye
neutral,coffin,medium,bold,date,Cat Eye
neutral,oval,long,minimal,work,Minimal Nude
warm,stiletto,short,classic,date,French Classic
warm,round,short,classic,wedding,French Classic
warm,square,medium,minimal,date,Minimal Nude
cool,oval,short,minimal,daily,Minimal Nude
warm,coffin,long,minimal,party,Glitter Gold
neutral,squoval,medium,minimal,daily,Minimal Nude
warm,squoval,long,minimal,daily,Minimal Nude
warm,round,short,minimal,daily,Minimal Nude
cool,oval,short,classic,work,French Classic
neutral,square,medium,classic,wedding,Korean Pink
neutral,coffin,short,classic,daily,French Classic
neutral,round,long,minimal,date,Minimal Nude
cool,stiletto,medium,bold,party,Marble
cool,almond,long,classic,work,Korean Pink
warm,square,short,bold,party,Glitter Gold
warm,coffin,short,classic,date,Minimal Nude
warm,stiletto,long,bold,date,Glitter Gold
neutral,squoval,medium,classic,party,Korean Pink
warm,round,medium,bold,party,Glitter Gold
warm,round,short,classic,date,French Classic
cool,round,short,classic,work,French Classic
warm,oval,long,minimal,wedding,Glitter Gold
warm,coffin,short,minimal,wedding,Cat Eye
neutral,round,long,classic,daily,French Classic
cool,round,medium,classic,party,Korean Pink
cool,stiletto,medium,bold,wedding,Marble
neutral,coffin,short,classic,party,French Classic
neutral,round,long,minimal,daily,Minimal Nude
cool,squoval,long,minimal,wedding,Marble
neutral,squoval,short,bold,daily,French Classic
warm,oval,long,bold,work,Cat Eye
warm,almond,long,bold,date,Glitter Gold
cool,squoval,short,classic,wedding,Korean Pink
cool,round,long,bold,party,Marble
neutral,almond,short,minimal,date,Minimal Nude
cool,round,short,minimal,wedding,Korean Pink
warm,squoval,short,classic,wedding,French Classic
cool,oval,short,classic,date,Korean Pink
warm,round,short,bold,party,Glitter Gold
cool,square,medium,bold,work,Cat Eye
neutral,squoval,short,classic,wedding,French Classic
neutral,coffin,short,classic,wedding,French Classic
neutral,square,medium,minimal,party,Terracotta Swirl
cool,coffin,short,bold,daily,French Classic
warm,coffin,long,minimal,work,Minimal Nude
cool,squoval,short,bold,party,Marble
warm,squoval,medium,bold,daily,Cat Eye
cool,coffin,long,classic,daily,Berry Jelly
warm,squoval,medium,minimal,party,Minimal Nude
cool,square,long,classic,work,Korean Pink
cool,round,medium,classic,daily,French Classic
cool,oval,long,minimal,wedding,Marble
neutral,stiletto,medium,minimal,wedding,Minimal Nude
cool,oval,short,minimal,daily,Minimal Nude
neutral,squoval,medium,classic,work,French Classic
cool,squoval,short,classic,party,Korean Pink
neutral,oval,long,classic,work,French Classic
warm,squoval,medium,classic,work,French Classic
cool,squoval,medium,bold,work,Cat Eye
cool,square,long,bold,party,Marble
neutral,stiletto,long,minimal,daily,Minimal Nude
neutral,almond,short,classic,wedding,Korean Pink
warm,squoval,medium,minimal,party,Minimal Nude
neutral,round,medium,minimal,party,Terracotta Swirl
neutral,round,short,minimal,work,Minimal Nude
neutral,stiletto,short,bold,party,Terracotta Swirl
warm,oval,long,bold,daily,Glitter Gold
cool,round,medium,classic,date,Korean Pink
warm,coffin,medium,bold,party,Glitter Gold
cool,square,long,classic,date,Korean Pink
cool,round,short,classic,party,Korean Pink
neutral,almond,short,bold,party,Terracotta Swirl
neutral,coffin,long,classic,wedding,Korean Pink
warm,round,short,minimal,daily,Minimal Nude
cool,round,medium,bold,date,Cat Eye
warm,coffin,medium,bold,date,Cat Eye
neutral,square,medium,minimal,work,Minimal Nude
neutral,squoval,short,minimal,party,Minimal Nude
cool,stiletto,medium,classic,party,Berry Jelly
warm,almond,medium,classic,wedding,Korean Pink
cool,coffin,short,minimal,party,Korean Pink
warm,stiletto,medium,bold,date,Cat Eye
warm,almond,medium,minimal,date,Minimal Nude
warm,almond,long,classic,daily,French Classic
neutral,squoval,short,bold,party,Terracotta Swirl
warm,squoval,medium,bold,work,Cat Eye
warm,coffin,short,bold,daily,Minimal Nude
cool,stiletto,long,classic,date,Korean Pink
cool,oval,short,minimal,daily,Minimal Nude
neutral,stiletto,long,minimal,daily,Minimal Nude
neutral,round,long,classic,daily,French Classic
warm,squoval,long,bold,wedding,Glitter Gold
neutral,oval,medium,minimal,date,Minimal Nude
neutral,stiletto,medium,classic,daily,French Classic
warm,coffin,short,bold,date,Cat Eye
warm,squoval,long,minimal,daily,Minimal Nude
cool,oval,short,minimal,party,Korean Pink
warm,squoval,short,classic,daily,French Classic
cool,coffin,short,minimal,party,Korean Pink
cool,coffin,medium,minimal,work,Minimal Nude
warm,coffin,long,bold,date,Glitter Gold
warm,square,medium,classic,date,French Classic
warm,oval,long,bold,wedding,Glitter Gold
warm,almond,short,bold,daily,Minimal Nude
warm,oval,medium,minimal,work,Minimal Nude
warm,round,long,bold,work,Cat Eye
cool,oval,short,classic,date,Korean Pink
cool,coffin,medium,classic,date,Korean Pink
warm,square,short,minimal,wedding,Minimal Nude
warm,almond,long,classic,work,French Classic
neutral,squoval,medium,classic,party,Korean Pink
cool,stiletto,medium,bold,daily,Cat Eye
cool,oval,long,classic,wedding,Korean Pink
warm,squoval,short,minimal,date,Minimal Nude
cool,square,long,bold,date,Marble
warm,round,short,classic,party,French Classic
cool,oval,short,minimal,wedding,Korean Pink
cool,round,short,classic,daily,French Classic
warm,squoval,long,classic,work,French Classic
cool,square,long,minimal,date,Korean Pink
neutral,square,long,bold,daily,Terracotta Swirl
neutral,squoval,long,classic,wedding,Korean Pink
warm,oval,short,classic,party,Korean Pink
cool,round,short,classic,work,French Classic
neutral,squoval,short,bold,daily,French Classic
neutral,stiletto,long,minimal,party,Terracotta Swirl
cool,round,long,bold,daily,Cat Eye
warm,round,medium,minimal,party,Minimal Nude
cool,square,medium,classic,daily,French Classic
cool,squoval,long,minimal,party,Marble
cool,squoval,long,minimal,wedding,Marble
warm,round,short,minimal,daily,Minimal Nude
cool,stiletto,long,bold,party,Marble
warm,oval,long,classic,date,Korean Pink
neutral,stiletto,short,classic,daily,French Classic
cool,round,medium,classic,date,Korean Pink
cool,square,long,minimal,work,Minimal Nude
warm,oval,medium,minimal,date,Minimal Nude
cool,coffin,medium,bold,daily,Cat Eye
warm,almond,medium,bold,party,Glitter Gold
cool,stiletto,long,classic,work,Berry Jelly
neutral,round,medium,bold,work,Cat Eye
neutral,stiletto,short,bold,daily,Minimal Nude
warm,oval,short,bold,work,Minimal Nude
cool,oval,medium,minimal,wedding,Korean Pink
neutral,stiletto,long,bold,wedding,Terracotta Swirl
cool,coffin,medium,bold,work,Cat Eye
warm,oval,short,classic,party,French Classic
neutral,almond,short,classic,work,Minimal Nude
warm,coffin,medium,bold,daily,Cat Eye
warm,coffin,short,minimal,daily,Minimal Nude
warm,square,short,classic,date,French Classic
cool,round,long,minimal,wedding,Marble
warm,squoval,long,classic,date,Korean Pink
cool,square,medium,minimal,daily,Minimal Nude
neutral,squoval,short,classic,work,French Classic
neutral,square,long,bold,party,Terracotta Swirl
warm,coffin,short,bold,work,Minimal Nude
warm,round,short,minimal,date,Minimal Nude
warm,almond,short,classic,work,French Classic
neutral,coffin,medium,classic,party,Korean Pink
neutral,stiletto,long,classic,party,Terracotta Swirl
warm,square,long,classic,date,Korean Pink
warm,round,short,bold,date,Cat Eye
cool,stiletto,long,minimal,work,Minimal Nude
warm,oval,short,classic,party,French Classic
warm,coffin,medium,classic,wedding,Glitter Gold
warm,oval,long,minimal,date,Minimal Nude
cool,almond,short,classic,work,French Classic
warm,stiletto,short,bold,wedding,Glitter Gold
neutral,almond,short,minimal,daily,Korean Pink
cool,squoval,medium,bold,wedding,Marble
cool,coffin,medium,classic,wedding,Korean Pink
cool,square,long,classic,date,Korean Pink
neutral,squoval,short,classic,date,French Classic
warm,oval,medium,minimal,work,Minimal Nude
warm,oval,long,bold,party,Glitter Gold
neutral,round,short,classic,daily,French Classic
neutral,coffin,long,classic,date,Korean Pink
neutral,square,medium,classic,date,Korean Pink
cool,square,short,minimal,date,Minimal Nude
cool,stiletto,long,minimal,party,Marble
neutral,stiletto,medium,classic,daily,French Classic
cool,coffin,short,classic,work,French Classic
cool,almond,long,bold,work,Cat Eye
cool,round,medium,minimal,party,Marble
neutral,round,short,classic,wedding,Korean Pink
neutral,stiletto,short,minimal,wedding,Minimal Nude
cool,stiletto,long,bold,date,Marble
warm,coffin,medium,minimal,work,Minimal Nude
warm,square,short,minimal,party,Minimal Nude
warm,stiletto,long,bold,party,Glitter Gold
warm,square,medium,bold,wedding,Glitter Gold
cool,coffin,medium,bold,work,Cat Eye
warm,square,short,classic,date,French Classic
cool,round,medium,bold,party,Marble
cool,stiletto,medium,minimal,work,Minimal Nude
neutral,square,long,bold,wedding,Terracotta Swirl
cool,squoval,medium,classic,party,Marble
warm,stiletto,medium,minimal,work,Minimal Nude
cool,stiletto,short,bold,date,Cat Eye
neutral,almond,long,classic,daily,French Classic
cool,oval,medium,bold,daily,Cat Eye
neutral,squoval,short,minimal,daily,Minimal Nude
neutral,round,medium,bold,daily,Cat Eye
neutral,squoval,long,classic,daily,French Classic
neutral,coffin,long,bold,daily,Terracotta Swirl
neutral,oval,long,bold,party,Terracotta Swirl
neutral,coffin,short,classic,wedding,French Classic
warm,stiletto,medium,bold,work,Cat Eye
warm,oval,long,minimal,date,Minimal Nude
warm,squoval,short,bold,party,Glitter Gold
warm,square,medium,classic,work,French Classic
neutral,square,long,bold,party,Terracotta Swirl
neutral,round,medium,minimal,daily,Minimal Nude
neutral,coffin,short,minimal,date,Minimal Nude
neutral,oval,medium,classic,wedding,Korean Pink
warm,almond,medium,classic,wedding,Korean Pink
neutral,stiletto,short,classic,party,French Classic
warm,round,medium,classic,daily,French Classic
warm,almond,medium,minimal,date,Minimal Nude
cool,oval,medium,bold,party,Marble
warm,square,long,bold,work,Cat Eye
neutral,almond,medium,bold,daily,Cat Eye
warm,square,long,bold,date,Glitter Gold
neutral,stiletto,short,classic,wedding,French Classic
warm,stiletto,long,classic,party,Glitter Gold
neutral,coffin,short,bold,date,Cat Eye
neutral,square,short,bold,wedding,Terracotta Swirl
neutral,square,long,bold,party,Terracotta Swirl
neutral,oval,short,minimal,daily,Minimal Nude
neutral,squoval,medium,minimal,work,Minimal Nude
warm,coffin,medium,classic,daily,Minimal Nude
warm,round,long,minimal,party,Glitter Gold
neutral,coffin,short,minimal,wedding,Minimal Nude
cool,squoval,short,bold,date,Cat Eye
warm,square,medium,classic,wedding,Korean Pink
neutral,oval,medium,bold,work,Cat Eye
neutral,coffin,short,minimal,daily,Minimal Nude
warm,square,medium,bold,date,Cat Eye
cool,oval,long,bold,date,Marble
warm,almond,medium,bold,wedding,Glitter Gold
neutral,stiletto,short,minimal,party,Minimal Nude
cool,stiletto,short,bold,daily,French Classic
neutral,square,short,minimal,party,Minimal Nude
neutral,almond,medium,minimal,work,Minimal Nude
cool,stiletto,medium,classic,wedding,Korean Pink
cool,round,long,bold,work,Cat Eye
neutral,almond,medium,classic,date,Berry Jelly
warm,almond,medium,classic,daily,Minimal Nude
cool,oval,medium,minimal,work,Minimal Nude
neutral,square,long,minimal,work,Minimal Nude
neutral,almond,long,minimal,wedding,Terracotta Swirl
cool,almond,long,bold,daily,Cat Eye
cool,oval,medium,bold,daily,Cat Eye
cool,almond,short,bold,wedding,Marble
cool,stiletto,short,minimal,daily,Minimal Nude
neutral,almond,medium,bold,daily,Cat Eye
warm,squoval,medium,bold,work,Cat Eye
cool,almond,short,minimal,party,Korean Pink
neutral,square,medium,minimal,wedding,Minimal Nude
warm,oval,short,minimal,date,French Classic
neutral,stiletto,long,bold,daily,Terracotta Swirl
warm,stiletto,long,minimal,daily,Minimal Nude
cool,oval,medium,minimal,wedding,Korean Pink
neutral,oval,medium,minimal,date,Minimal Nude
neutral,round,long,minimal,daily,Minimal Nude
neutral,oval,medium,bold,wedding,Terracotta Swirl
warm,squoval,long,classic,wedding,Glitter Gold
cool,stiletto,long,minimal,date,Korean Pink
cool,coffin,long,bold,daily,Marble
neutral,almond,medium,classic,daily,French Classic
warm,stiletto,long,minimal,wedding,Glitter Gold
warm,round,medium,bold,work,Cat Eye
neutral,squoval,long,classic,daily,French Classic
cool,square,long,classic,wedding,Korean Pink
warm,round,medium,bold,party,Glitter Gold
cool,squoval,medium,minimal,work,Minimal Nude
warm,coffin,medium,bold,daily,Cat Eye
warm,almond,medium,minimal,date,Minimal Nude
cool,stiletto,medium,bold,work,Cat Eye
cool,coffin,long,classic,party,Korean Pink
neutral,stiletto,short,minimal,date,Minimal Nude
neutral,coffin,medium,bold,party,Terracotta Swirl
neutral,almond,long,classic,work,French Classic
cool,coffin,short,minimal,daily,Minimal Nude
neutral,square,short,minimal,date,Minimal Nude
neutral,squoval,short,bold,wedding,Terracotta Swirl
neutral,square,long,bold,daily,Terracotta Swirl
neutral,coffin,medium,classic,work,French Classic
warm,squoval,short,classic,daily,French Classic
cool,coffin,long,minimal,party,Marble
cool,almond,long,classic,daily,Korean Pink
cool,stiletto,medium,classic,party,Korean Pink
neutral,oval,short,bold,daily,French Classic
neutral,round,short,bold,date,Cat Eye
neutral,square,short,bold,work,Cat Eye
cool,square,short,bold,wedding,Marble
warm,almond,short,classic,daily,Minimal Nude
warm,almond,short,minimal,work,Minimal Nude
cool,stiletto,long,classic,daily,Korean Pink
cool,oval,short,classic,date,Korean Pink
cool,squoval,long,classic,party,Korean Pink
cool,almond,short,minimal,wedding,Korean Pink
neutral,round,short,bold,work,French Classic
neutral,coffin,long,bold,date,Terracotta Swirl
warm,squoval,long,minimal,work,Minimal Nude
neutral,round,short,minimal,date,Minimal Nude
neutral,coffin,long,bold,party,Terracotta Swirl
warm,stiletto,long,minimal,date,Minimal Nude
neutral,almond,medium,classic,wedding,Korean Pink
neutral,square,short,classic,work,French Classic
cool,oval,medium,classic,daily,French Classic
cool,coffin,medium,classic,daily,French Classic
neutral,round,medium,bold,party,Terracotta Swirl
cool,stiletto,medium,minimal,date,Korean Pink
warm,almond,short,classic,date,French Classic
neutral,square,medium,classic,wedding,Korean Pink
cool,squoval,long,minimal,date,Korean Pink
warm,oval,medium,minimal,work,Minimal Nude
cool,stiletto,long,bold,party,Marble
warm,stiletto,short,classic,daily,French Classic
warm,oval,long,bold,party,Glitter Gold
cool,oval,medium,bold,date,Cat Eye
cool,round,medium,classic,date,Korean Pink
warm,coffin,short,minimal,wedding,Minimal Nude
cool,coffin,medium,bold,party,Marble
cool,coffin,short,bold,work,French Classic
neutral,stiletto,long,minimal,work,Minimal Nude
neutral,almond,medium,bold,party,Terracotta Swirl
cool,oval,long,bold,date,Marble
warm,oval,medium,classic,wedding,French Classic
neutral,almond,long,classic,wedding,Korean Pink
cool,stiletto,short,minimal,daily,Minimal Nude
neutral,coffin,short,classic,date,French Classic
neutral,square,short,classic,wedding,French Classic
cool,square,medium,classic,work,Korean Pink
cool,square,long,minimal,work,Minimal Nude
warm,round,short,bold,date,Cat Eye
warm,almond,short,bold,date,Cat Eye
warm,squoval,short,classic,work,French Classic
neutral,squoval,long,classic,date,Korean Pink
cool,square,short,bold,daily,French Classic
cool,squoval,medium,minimal,work,Minimal Nude
neutral,coffin,short,classic,daily,French Classic
warm,coffin,short,classic,work,French Classic
cool,squoval,long,bold,date,Marble
warm,coffin,long,classic,daily,French Classic
neutral,stiletto,long,classic,work,French Classic
neutral,stiletto,long,minimal,daily,Minimal Nude
neutral,squoval,short,bold,work,French Classic
warm,squoval,short,bold,party,Glitter Gold
warm,coffin,short,bold,work,Minimal Nude
cool,almond,long,minimal,work,Berry Jelly
cool,almond,medium,bold,date,Cat Eye
cool,squoval,long,bold,work,Cat Eye
warm,square,long,classic,party,Glitter Gold
cool,almond,medium,bold,party,Marble
warm,round,medium,classic,party,Glitter Gold
neutral,squoval,short,minimal,party,Minimal Nude
neutral,round,medium,bold,party,Terracotta Swirl
cool,stiletto,medium,bold,party,Marble
warm,square,medium,bold,work,Cat Eye
cool,round,long,classic,wedding,Korean Pink
cool,squoval,medium,classic,party,Korean Pink
warm,square,medium,bold,work,Cat Eye
warm,square,medium,classic,work,French Classic
warm,almond,short,bold,daily,Minimal Nude
neutral,almond,medium,minimal,date,Minimal Nude
neutral,round,medium,minimal,wedding,Minimal Nude
neutral,round,long,minimal,date,Minimal Nude
neutral,oval,short,bold,party,Terracotta Swirl
warm,square,short,classic,wedding,French Classic
neutral,coffin,short,minimal,daily,Minimal Nude
neutral,round,long,classic,party,Korean Pink
cool,round,short,bold,work,Korean Pink
warm,stiletto,medium,bold,party,Glitter Gold
neutral,square,short,minimal,daily,Minimal Nude
neutral,stiletto,long,classic,daily,Berry Jelly
neutral,oval,short,bold,date,Cat Eye
warm,stiletto,long,classic,wedding,Glitter Gold
neutral,round,medium,classic,party,Korean Pink
cool,coffin,long,classic,party,Korean Pink
warm,oval,medium,bold,wedding,Glitter Gold
neutral,almond,long,minimal,party,Marble
neutral,squoval,medium,bold,daily,Cat Eye
neutral,round,medium,minimal,party,Terracotta Swirl
neutral,round,long,classic,wedding,Korean Pink
neutral,round,short,bold,work,French Classic
cool,almond,short,minimal,work,Minimal Nude
cool,almond,long,bold,work,Korean Pink
cool,squoval,medium,bold,wedding,Marble
warm,square,long,bold,date,Glitter Gold
warm,square,long,minimal,date,Minimal Nude
neutral,squoval,medium,bold,work,Cat Eye
neutral,squoval,long,bold,daily,Terracotta Swirl
cool,coffin,short,classic,work,French Classic
warm,almond,long,minimal,work,Minimal Nude
warm,round,medium,classic,work,French Classic
neutral,squoval,short,bold,date,Cat Eye
warm,square,short,classic,wedding,French Classic
neutral,square,long,classic,date,Korean Pink
neutral,coffin,short,minimal,wedding,Minimal Nude
warm,stiletto,long,bold,wedding,Glitter Gold
cool,squoval,medium,minimal,wedding,Korean Pink
neutral,stiletto,short,minimal,date,Minimal Nude
cool,round,medium,classic,work,Korean Pink
warm,round,medium,bold,work,Cat Eye
warm,almond,medium,classic,daily,Minimal Nude
neutral,oval,short,classic,date,French Classic
cool,coffin,short,minimal,wedding,Korean Pink
cool,almond,long,classic,wedding,Korean Pink
cool,square,long,bold,work,Cat Eye
warm,coffin,short,classic,work,French Classic
warm,oval,long,bold,party,Glitter Gold
neutral,almond,medium,bold,date,Cat Eye
cool,oval,short,minimal,work,Minimal Nude
warm,stiletto,long,minimal,work,Minimal Nude
warm,square,short,minimal,work,Minimal Nude
cool,squoval,long,classic,wedding,Korean Pink
warm,oval,long,classic,party,Glitter Gold
neutral,squoval,medium,classic,date,Korean Pink
warm,almond,short,minimal,wedding,Minimal Nude
cool,almond,medium,classic,wedding,Korean Pink
neutral,squoval,long,classic,work,Korean Pink
cool,stiletto,long,classic,party,Korean Pink
neutral,oval,medium,classic,work,French Classic
warm,oval,medium,classic,date,French Classic
neutral,square,medium,minimal,wedding,Minimal Nude
neutral,round,long,classic,daily,French Classic
neutral,squoval,medium,minimal,wedding,Minimal Nude
warm,almond,short,bold,party,Glitter Gold
neutral,squoval,medium,minimal,party,Terracotta Swirl
neutral,stiletto,long,minimal,daily,Minimal Nude
neutral,coffin,short,bold,work,French Classic
warm,round,medium,minimal,daily,Minimal Nude
neutral,round,medium,minimal,date,Minimal Nude
warm,coffin,long,bold,daily,Glitter Gold
neutral,stiletto,medium,bold,work,Cat Eye
neutral,coffin,medium,bold,daily,Cat Eye
cool,squoval,long,bold,daily,Korean Pink
warm,coffin,medium,minimal,work,Minimal Nude
cool,almond,short,bold,date,Cat Eye
neutral,coffin,short,classic,wedding,French Classic
warm,square,medium,bold,daily,Cat Eye
cool,round,short,minimal,work,Minimal Nude
warm,square,long,bold,daily,Glitter Gold
warm,oval,long,classic,party,Marble
warm,square,long,bold,work,Cat Eye
neutral,oval,medium,minimal,party,Terracotta Swirl
warm,square,short,bold,wedding,Glitter Gold
warm,square,short,minimal,wedding,Minimal Nude
cool,square,short,classic,wedding,Korean Pink
cool,stiletto,long,bold,party,Marble
neutral,stiletto,short,minimal,date,Minimal Nude
neutral,almond,short,bold,party,Terracotta Swirl
neutral,stiletto,medium,minimal,wedding,Minimal Nude
neutral,almond,long,classic,daily,French Classic
warm,square,short,classic,wedding,French Classic
neutral,coffin,long,minimal,party,Terracotta Swirl
neutral,square,medium,bold,party,Terracotta Swirl
warm,square,long,minimal,wedding,Glitter Gold
warm,oval,medium,classic,wedding,Korean Pink
warm,oval,medium,classic,work,French Classic
warm,stiletto,short,classic,date,French Classic
neutral,coffin,medium,bold,party,Terracotta Swirl
warm,square,long,classic,date,Korean Pink
neutral,squoval,medium,minimal,work,Minimal Nude
neutral,round,medium,classic,wedding,Korean Pink
cool,almond,short,minimal,date,Minimal Nude
cool,almond,long,bold,work,Cat Eye
neutral,stiletto,short,minimal,wedding,Minimal Nude
warm,round,medium,minimal,wedding,Minimal Nude
warm,squoval,short,bold,work,Minimal Nude
warm,square,medium,minimal,work,Minimal Nude
warm,squoval,short,bold,work,Minimal Nude
neutral,stiletto,medium,minimal,party,Terracotta Swirl
warm,squoval,long,bold,party,Glitter Gold
cool,coffin,medium,classic,work,Korean Pink
warm,squoval,short,classic,work,French Classic
cool,square,long,bold,party,Marble
neutral,round,medium,classic,date,Berry Jelly
warm,stiletto,short,classic,wedding,French Classic
warm,almond,long,classic,daily,French Classic
warm,squoval,short,minimal,work,Minimal Nude
warm,square,medium,bold,work,Cat Eye
cool,square,medium,bold,party,Cat Eye
warm,oval,medium,bold,date,Cat Eye
cool,stiletto,short,classic,daily,French Classic
cool,stiletto,short,minimal,wedding,Korean Pink
neutral,squoval,long,classic,daily,French Classic
neutral,squoval,medium,minimal,wedding,Minimal Nude
neutral,coffin,short,bold,party,Terracotta Swirl
cool,coffin,medium,bold,wedding,Marble
warm,squoval,long,classic,daily,French Classic
cool,coffin,long,classic,work,Korean Pink
neutral,coffin,medium,classic,daily,French Classic
warm,round,medium,classic,wedding,French Classic
neutral,square,medium,classic,wedding,Korean Pink
warm,almond,medium,minimal,wedding,Minimal Nude
warm,squoval,medium,classic,daily,French Classic
cool,coffin,short,bold,party,Marble
warm,almond,short,minimal,work,Minimal Nude
cool,square,medium,classic,date,Korean Pink
neutral,stiletto,long,bold,party,Marble
cool,round,short,bold,daily,French Classic
neutral,round,medium,bold,wedding,Terracotta Swirl
warm,oval,long,classic,daily,French Classic
cool,round,short,bold,wedding,Marble
neutral,almond,long,minimal,daily,Minimal Nude
cool,oval,medium,classic,work,Korean Pink
neutral,round,long,classic,work,French Classic
cool,round,medium,minimal,daily,Minimal Nude
neutral,oval,medium,classic,party,Korean Pink
neutral,square,short,minimal,work,French Classic
warm,round,long,classic,date,Korean Pink
neutral,squoval,long,bold,wedding,Terracotta Swirl
cool,almond,short,classic,wedding,Korean Pink
cool,oval,medium,bold,party,Marble
neutral,oval,long,classic,wedding,Korean Pink
neutral,stiletto,long,minimal,party,Terracotta Swirl
cool,round,short,bold,date,Cat Eye
cool,stiletto,medium,classic,party,Marble
neutral,oval,long,classic,date,Korean Pink
warm,stiletto,medium,bold,party,Glitter Gold
cool,almond,short,classic,date,Korean Pink
warm,round,medium,minimal,work,Minimal Nude
neutral,square,short,minimal,party,Minimal Nude
cool,stiletto,short,classic,date,Korean Pink
cool,coffin,short,bold,wedding,Marble
neutral,squoval,short,classic,party,French Classic
cool,stiletto,medium,minimal,work,Minimal Nude
warm,almond,medium,classic,work,French Classic
warm,squoval,long,bold,party,Glitter Gold
cool,oval,long,minimal,date,Korean Pink
neutral,almond,long,minimal,date,Minimal Nude
cool,round,medium,bold,work,Cat Eye
neutral,squoval,long,minimal,wedding,Glitter Gold
neutral,squoval,long,bold,work,Cat Eye
warm,squoval,medium,bold,work,Cat Eye
neutral,oval,medium,minimal,wedding,Minimal Nude
warm,almond,medium,classic,work,French Classic
cool,oval,short,classic,date,Korean Pink
neutral,stiletto,medium,minimal,work,Minimal Nude
warm,round,long,minimal,party,Glitter Gold
cool,stiletto,medium,minimal,party,Korean Pink
neutral,almond,short,bold,date,Cat Eye
neutral,coffin,short,classic,party,French Classic
warm,square,medium,bold,daily,Cat Eye
neutral,almond,long,bold,party,Terracotta Swirl
warm,round,short,classic,date,French Classic
warm,coffin,short,classic,party,French Classic
warm,oval,medium,minimal,wedding,Terracotta Swirl
neutral,round,medium,bold,party,Terracotta Swirl
cool,square,medium,bold,party,Marble
cool,coffin,medium,bold,wedding,Marble
warm,oval,long,classic,daily,French Classic
cool,almond,medium,bold,wedding,Marble
neutral,oval,long,bold,wedding,Terracotta Swirl
cool,coffin,medium,minimal,work,Minimal Nude
cool,stiletto,medium,classic,work,Korean Pink
neutral,square,short,bold,daily,French Classic
neutral,almond,long,bold,party,Terracotta Swirl
warm,square,long,minimal,date,Minimal Nude
cool,almond,medium,classic,party,Korean Pink
neutral,squoval,short,classic,party,French Classic
cool,oval,medium,minimal,work,Minimal Nude
neutral,stiletto,long,minimal,work,Minimal Nude
cool,almond,long,minimal,date,Korean Pink
neutral,oval,medium,bold,daily,Cat Eye
warm,square,long,minimal,wedding,Glitter Gold
neutral,stiletto,long,bold,daily,Terracotta Swirl
warm,squoval,long,bold,work,Cat Eye
neutral,oval,long,bold,work,Cat Eye
neutral,squoval,short,minimal,date,Minimal Nude
cool,round,long,minimal,daily,Minimal Nude
warm,almond,medium,minimal,work,Minimal Nude
neutral,stiletto,long,classic,party,Terracotta Swirl
cool,stiletto,long,minimal,work,Minimal Nude
cool,round,medium,minimal,daily,Minimal Nude
warm,almond,medium,classic,date,Korean Pink
warm,coffin,medium,bold,work,Cat Eye
neutral,almond,medium,minimal,wedding,Minimal Nude
neutral,square,medium,bold,work,Cat Eye
cool,almond,medium,bold,wedding,Marble
neutral,oval,medium,classic,date,Korean Pink
neutral,squoval,short,minimal,party,Marble
cool,squoval,short,minimal,daily,Minimal Nude
neutral,square,short,classic,wedding,French Classic
neutral,stiletto,short,minimal,daily,Minimal Nude
warm,square,long,classic,wedding,Glitter Gold
cool,round,long,classic,date,Korean Pink
neutral,oval,medium,minimal,work,Minimal Nude
warm,stiletto,short,bold,work,Minimal Nude
neutral,squoval,long,bold,party,Terracotta Swirl
cool,oval,medium,classic,wedding,Korean Pink
cool,square,long,classic,wedding,Korean Pink
cool,almond,medium,classic,daily,French Classic
cool,round,medium,classic,work,Korean Pink
cool,round,long,minimal,work,Minimal Nude
cool,square,medium,minimal,wedding,Korean Pink
cool,square,long,bold,work,Cat Eye
neutral,almond,medium,classic,daily,French Classic
cool,coffin,medium,bold,date,Cat Eye
warm,stiletto,long,classic,party,Glitter Gold
neutral,almond,medium,minimal,daily,French Classic
cool,almond,medium,classic,wedding,Korean Pink
warm,coffin,short,classic,party,French Classic
warm,almond,medium,bold,work,Cat Eye
cool,oval,medium,bold,date,Cat Eye
cool,almond,long,classic,daily,Korean Pink
warm,stiletto,long,bold,wedding,Glitter Gold
cool,stiletto,medium,bold,work,Cat Eye
cool,oval,medium,classic,wedding,Korean Pink
neutral,square,medium,bold,daily,Cat Eye
neutral,squoval,medium,classic,party,Korean Pink
neutral,round,long,classic,daily,French Classic
warm,almond,medium,bold,party,Glitter Gold
cool,coffin,short,bold,daily,French Classic
neutral,stiletto,short,bold,work,French Classic
warm,almond,medium,bold,work,Cat Eye
neutral,squoval,medium,classic,party,Korean Pink
neutral,oval,long,classic,daily,French Classic
neutral,square,medium,bold,party,Terracotta Swirl
cool,almond,medium,minimal,date,Korean Pink
warm,round,short,classic,party,French Classic
warm,almond,long,classic,date,Korean Pink
neutral,oval,long,classic,date,Korean Pink
warm,oval,medium,minimal,daily,Cat Eye
warm,stiletto,short,bold,wedding,Glitter Gold
cool,stiletto,medium,minimal,work,Minimal Nude
warm,squoval,medium,minimal,work,Minimal Nude
warm,oval,medium,minimal,party,Terracotta Swirl
neutral,oval,medium,minimal,party,Terracotta Swirl
warm,oval,medium,bold,daily,Cat Eye
neutral,almond,long,bold,daily,Terracotta Swirl
warm,round,medium,bold,date,Cat Eye
cool,squoval,short,minimal,daily,Minimal Nude
cool,squoval,medium,bold,daily,Cat Eye
warm,round,medium,classic,party,Glitter Gold
warm,square,medium,classic,daily,French Classic
neutral,square,short,bold,daily,French Classic
cool,squoval,short,classic,wedding,Korean Pink
warm,almond,short,minimal,date,Minimal Nude
neutral,squoval,short,minimal,date,Minimal Nude
neutral,coffin,medium,classic,date,Korean Pink
warm,squoval,short,minimal,date,Minimal Nude
neutral,stiletto,long,minimal,wedding,Terracotta Swirl
warm,stiletto,short,minimal,party,Minimal Nude
cool,coffin,medium,classic,date,Korean Pink
warm,square,short,classic,daily,French Classic
warm,squoval,short,bold,party,Glitter Gold
neutral,almond,short,minimal,daily,Minimal Nude
warm,squoval,short,minimal,party,Minimal Nude
cool,stiletto,long,classic,work,Korean Pink
neutral,round,medium,classic,party,Korean Pink
cool,oval,medium,bold,date,Cat Eye
neutral,coffin,long,minimal,party,Terracotta Swirl
neutral,oval,short,minimal,date,Minimal Nude
warm,oval,long,minimal,daily,Minimal Nude
cool,almond,short,minimal,work,Minimal Nude
neutral,coffin,medium,classic,party,Korean Pink
neutral,almond,long,classic,work,French Classic
cool,coffin,short,bold,daily,French Classic
cool,coffin,short,minimal,work,Korean Pink
warm,stiletto,short,minimal,party,Minimal Nude
neutral,squoval,medium,classic,work,French Classic
neutral,squoval,medium,minimal,party,Terracotta Swirl
neutral,squoval,short,bold,wedding,Terracotta Swirl
neutral,square,medium,minimal,wedding,Minimal Nude
cool,stiletto,long,classic,daily,Korean Pink
cool,stiletto,long,classic,daily,Korean Pink
cool,coffin,short,bold,work,Cat Eye
warm,round,long,bold,wedding,Glitter Gold
cool,square,medium,classic,date,Korean Pink
warm,stiletto,long,minimal,party,Glitter Gold
neutral,oval,short,bold,work,French Classic
warm,coffin,long,classic,date,Korean Pink
warm,almond,long,bold,daily,Glitter Gold
cool,almond,short,bold,date,Cat Eye
warm,round,long,minimal,date,Minimal Nude
neutral,oval,long,bold,party,Terracotta Swirl
cool,round,medium,classic,party,Korean Pink
cool,squoval,medium,classic,work,Korean Pink
cool,round,short,classic,date,Korean Pink
warm,coffin,long,bold,daily,Cat Eye
warm,oval,medium,minimal,work,Minimal Nude
warm,coffin,medium,classic,date,French Classic
cool,round,short,classic,work,French Classic
warm,coffin,long,bold,work,Cat Eye
warm,coffin,medium,classic,daily,French Classic
neutral,square,long,minimal,date,Minimal Nude
neutral,squoval,medium,minimal,date,Minimal Nude
cool,oval,short,bold,wedding,Marble
warm,squoval,medium,minimal,party,Minimal Nude
warm,coffin,long,classic,wedding,Glitter Gold
warm,round,long,bold,date,Glitter Gold
warm,stiletto,long,classic,party,Glitter Gold
neutral,round,medium,bold,wedding,Terracotta Swirl
neutral,almond,medium,classic,wedding,Korean Pink
warm,round,short,bold,party,Glitter Gold
cool,oval,long,classic,wedding,Korean Pink
neutral,squoval,long,bold,date,Terracotta Swirl
neutral,stiletto,long,classic,daily,French Classic
neutral,stiletto,long,minimal,date,Minimal Nude
cool,almond,long,bold,date,Marble
cool,coffin,long,minimal,wedding,Marble
cool,stiletto,medium,bold,date,Marble
neutral,coffin,medium,bold,daily,Cat Eye
warm,round,long,classic,daily,French Classic
cool,stiletto,short,bold,party,Marble
cool,square,long,classic,wedding,Korean Pink
warm,square,medium,minimal,wedding,Minimal Nude
neutral,square,short,minimal,date,Minimal Nude
neutral,coffin,medium,bold,party,Terracotta Swirl
warm,stiletto,medium,minimal,wedding,Minimal Nude
neutral,coffin,short,classic,wedding,French Classic
neutral,round,long,classic,wedding,Korean Pink
neutral,oval,medium,minimal,wedding,Minimal Nude
cool,square,medium,classic,wedding,Korean Pink
warm,square,short,minimal,work,Minimal Nude
neutral,coffin,long,bold,wedding,Terracotta Swirl
neutral,oval,medium,bold,daily,Cat Eye
warm,coffin,long,bold,party,Glitter Gold
warm,coffin,medium,bold,wedding,Glitter Gold
cool,round,long,classic,date,Korean Pink
warm,square,short,classic,daily,French Classic
warm,coffin,medium,minimal,party,Minimal Nude
neutral,oval,short,minimal,party,Minimal Nude
warm,oval,short,classic,work,French Classic
neutral,squoval,medium,classic,date,Korean Pink
neutral,oval,medium,minimal,date,Minimal Nude
neutral,almond,medium,bold,wedding,Terracotta Swirl
cool,stiletto,medium,classic,wedding,Korean Pink
warm,square,long,classic,daily,French Classic
warm,square,long,minimal,date,Minimal Nude
warm,stiletto,long,bold,party,Glitter Gold
warm,stiletto,long,minimal,wedding,Glitter Gold
neutral,almond,short,classic,wedding,French Classic
warm,squoval,long,classic,party,Glitter Gold
warm,oval,short,bold,party,Glitter Gold
warm,square,medium,bold,work,Minimal Nude
warm,coffin,medium,bold,wedding,Glitter Gold
neutral,round,long,bold,party,Terracotta Swirl
warm,squoval,short,bold,party,Glitter Gold
neutral,coffin,medium,classic,work,French Classic
neutral,squoval,short,bold,date,Cat Eye
warm,almond,short,bold,wedding,Glitter Gold
warm,almond,short,bold,party,Glitter Gold
neutral,oval,short,bold,work,French Classic
warm,coffin,medium,bold,daily,Cat Eye
warm,squoval,long,bold,party,Glitter Gold
cool,coffin,medium,minimal,wedding,Korean Pink
cool,square,short,bold,party,Marble
cool,round,short,classic,party,Korean Pink
cool,coffin,long,minimal,wedding,Marble
warm,almond,medium,minimal,date,Glitter Gold
warm,coffin,medium,minimal,work,Cat Eye
warm,round,medium,classic,wedding,French Classic
neutral,square,short,minimal,work,Minimal Nude
cool,oval,long,minimal,wedding,Berry Jelly
warm,almond,medium,bold,work,Cat Eye
neutral,stiletto,short,bold,work,French Classic
cool,round,long,minimal,date,Korean Pink
warm,stiletto,medium,classic,daily,French Classic
warm,almond,long,minimal,daily,Minimal Nude
neutral,oval,long,classic,party,Terracotta Swirl
neutral,stiletto,medium,classic,daily,French Classic
warm,square,short,classic,work,French Classic
cool,oval,medium,minimal,wedding,Berry Jelly
neutral,coffin,long,minimal,date,Marble
cool,almond,long,bold,date,Marble
neutral,coffin,short,classic,wedding,French Classic
warm,square,long,classic,party,Glitter Gold
warm,squoval,short,classic,daily,French Classic
cool,almond,medium,classic,party,Korean Pink
cool,stiletto,long,bold,daily,Cat Eye
warm,oval,short,classic,date,French Classic
neutral,almond,short,bold,wedding,Terracotta Swirl
neutral,round,short,classic,party,French Classic
neutral,round,long,classic,date,Korean Pink
warm,almond,medium,bold,daily,Cat Eye
warm,squoval,short,minimal,wedding,Minimal Nude
cool,oval,long,bold,date,Cat Eye
warm,coffin,short,classic,daily,French Classic
neutral,stiletto,medium,minimal,party,Terracotta Swirl
cool,stiletto,medium,minimal,work,Minimal Nude
warm,almond,long,classic,party,Glitter Gold
neutral,stiletto,long,classic,work,French Classic
neutral,coffin,medium,classic,daily,French Classic
cool,squoval,medium,minimal,party,Korean Pink
warm,coffin,long,classic,daily,French Classic
cool,oval,long,bold,work,Cat Eye
warm,oval,medium,minimal,work,Minimal Nude
warm,coffin,medium,bold,party,Glitter Gold
cool,square,long,classic,daily,Korean Pink
cool,stiletto,short,minimal,date,Minimal Nude
warm,oval,long,minimal,party,Glitter Gold
warm,oval,short,classic,work,Korean Pink
warm,oval,medium,bold,wedding,Glitter Gold
warm,squoval,long,minimal,date,Minimal Nude
warm,stiletto,short,bold,wedding,Glitter Gold
warm,square,medium,minimal,wedding,Minimal Nude
neutral,round,medium,classic,work,French Classic
neutral,round,short,minimal,work,Minimal Nude
neutral,squoval,short,classic,daily,French Classic
neutral,almond,medium,bold,work,Cat Eye
cool,round,short,bold,daily,French Classic
neutral,round,long,bold,work,Cat Eye
cool,square,short,minimal,daily,Minimal Nude
warm,squoval,short,bold,daily,Minimal Nude
neutral,round,short,bold,daily,French Classic
warm,round,long,classic,date,Korean Pink
cool,coffin,long,classic,party,Korean Pink
warm,coffin,medium,bold,wedding,Glitter Gold
neutral,squoval,medium,minimal,party,Terracotta Swirl
cool,oval,short,classic,work,French Classic
cool,square,short,classic,daily,French Classic
cool,oval,short,classic,party,Korean Pink
neutral,stiletto,short,classic,work,French Classic
cool,oval,medium,classic,party,Korean Pink
cool,squoval,medium,classic,wedding,Korean Pink
neutral,squoval,short,bold,date,Cat Eye
warm,coffin,short,bold,work,Minimal Nude
neutral,coffin,long,classic,party,Terracotta Swirl
cool,square,long,classic,work,Korean Pink
cool,round,long,bold,party,Marble
neutral,squoval,short,minimal,work,Minimal Nude
warm,coffin,medium,bold,party,Glitter Gold
cool,round,long,minimal,party,Marble
warm,square,long,bold,date,Glitter Gold
neutral,squoval,long,minimal,work,Minimal Nude
cool,oval,long,minimal,party,Marble
neutral,almond,long,bold,daily,Terracotta Swirl
warm,round,short,minimal,daily,Minimal Nude
warm,square,medium,minimal,work,Minimal Nude
cool,stiletto,short,classic,date,Korean Pink
neutral,stiletto,medium,classic,wedding,Korean Pink
cool,square,short,bold,work,French Classic
warm,oval,medium,minimal,date,Minimal Nude
cool,oval,long,bold,party,Marble
cool,coffin,short,minimal,work,Minimal Nude
warm,stiletto,short,minimal,party,Minimal Nude
cool,oval,short,bold,wedding,Marble
neutral,almond,short,classic,daily,French Classic
neutral,almond,medium,classic,daily,French Classic
warm,oval,short,bold,wedding,Glitter Gold
warm,round,long,minimal,wedding,Glitter Gold
warm,square,long,classic,daily,French Classic
neutral,squoval,short,classic,wedding,French Classic
cool,almond,short,classic,wedding,Korean Pink
warm,coffin,short,bold,wedding,Glitter Gold
cool,square,short,classic,party,Korean Pink
cool,almond,short,minimal,date,French Classic
warm,square,medium,minimal,party,Minimal Nude
warm,coffin,long,classic,party,Glitter Gold
neutral,stiletto,medium,classic,wedding,Korean Pink
cool,coffin,medium,bold,work,Cat Eye
cool,round,medium,bold,daily,Cat Eye
cool,stiletto,long,minimal,daily,Minimal Nude
warm,oval,short,minimal,wedding,Cat Eye
warm,stiletto,short,minimal,daily,Minimal Nude
neutral,stiletto,medium,bold,daily,Cat Eye
neutral,stiletto,medium,bold,wedding,Terracotta Swirl
warm,almond,short,minimal,work,Minimal Nude
neutral,round,short,minimal,daily,Korean Pink
warm,oval,short,bold,daily,Minimal Nude
neutral,almond,short,classic,work,French Classic
cool,almond,long,minimal,party,Marble
neutral,almond,short,classic,work,French Classic
warm,oval,short,classic,work,French Classic
neutral,oval,long,minimal,daily,Minimal Nude
cool,stiletto,short,minimal,party,Korean Pink
neutral,square,long,classic,date,Korean Pink
warm,squoval,medium,classic,work,French Classic
neutral,coffin,medium,classic,work,French Classic
cool,square,long,minimal,date,Korean Pink
cool,round,long,bold,party,Glitter Gold
neutral,round,medium,bold,wedding,Terracotta Swirl
neutral,coffin,short,bold,wedding,Terracotta Swirl
cool,squoval,medium,bold,party,Marble
cool,stiletto,medium,classic,date,Korean Pink
warm,oval,long,minimal,daily,Minimal Nude
cool,squoval,medium,classic,party,Korean Pink
cool,squoval,short,minimal,party,Korean Pink
warm,stiletto,short,classic,party,French Classic
neutral,oval,medium,classic,daily,French Classic
neutral,oval,short,bold,work,French Classic
warm,squoval,medium,minimal,wedding,Minimal Nude
warm,squoval,medium,minimal,wedding,Minimal Nude
neutral,square,short,minimal,party,Minimal Nude
cool,squoval,medium,minimal,party,Korean Pink
warm,square,short,minimal,wedding,Minimal Nude
neutral,square,short,minimal,date,Minimal Nude
warm,squoval,medium,minimal,wedding,Minimal Nude
cool,coffin,medium,bold,date,Cat Eye
warm,almond,short,bold,wedding,Glitter Gold
cool,stiletto,long,minimal,wedding,Marble
cool,round,short,classic,wedding,Korean Pink
warm,square,long,minimal,wedding,Glitter Gold
cool,stiletto,medium,bold,wedding,Marble
cool,coffin,short,minimal,wedding,Korean Pink
neutral,oval,long,bold,date,Terracotta Swirl
warm,squoval,long,classic,daily,French Classic
warm,squoval,short,bold,wedding,Cat Eye
cool,almond,long,classic,daily,Korean Pink
warm,stiletto,medium,bold,work,Cat Eye
warm,squoval,short,minimal,daily,Minimal Nude
neutral,squoval,long,minimal,wedding,Terracotta Swirl
cool,square,long,bold,work,Cat Eye
neutral,oval,long,bold,daily,Terracotta Swirl
warm,coffin,short,bold,date,Cat Eye
cool,squoval,long,minimal,wedding,Marble
warm,square,short,minimal,party,Glitter Gold
warm,squoval,long,classic,date,Korean Pink
cool,stiletto,medium,minimal,wedding,Korean Pink
warm,coffin,long,classic,wedding,Glitter Gold
warm,square,short,minimal,daily,Minimal Nude
neutral,squoval,medium,minimal,wedding,Minimal Nude
cool,almond,short,bold,party,Marble
cool,oval,medium,bold,daily,Cat Eye
cool,almond,long,minimal,date,Marble
neutral,oval,medium,minimal,daily,Minimal Nude
warm,almond,short,bold,work,Cat Eye
cool,square,short,classic,wedding,Korean Pink
cool,squoval,long,minimal,date,Korean Pink
cool,coffin,short,bold,daily,French Classic
cool,oval,short,classic,work,French Classic
neutral,coffin,long,minimal,daily,Minimal Nude
neutral,oval,medium,minimal,daily,Minimal Nude
warm,oval,short,bold,wedding,Glitter Gold
neutral,coffin,medium,minimal,date,Minimal Nude
cool,round,long,bold,party,Marble
warm,oval,long,minimal,work,Minimal Nude
cool,round,medium,bold,daily,Cat Eye
cool,almond,short,classic,work,French Classic
warm,coffin,long,bold,wedding,Glitter Gold
cool,almond,medium,minimal,work,Minimal Nude
cool,square,short,classic,wedding,Korean Pink
neutral,square,medium,minimal,party,Terracotta Swirl
neutral,coffin,long,classic,work,French Classic
warm,squoval,short,bold,work,Minimal Nude
neutral,coffin,long,classic,work,French Classic
cool,square,medium,minimal,work,Minimal Nude
cool,oval,long,minimal,wedding,Marble
cool,oval,medium,bold,party,Marble
cool,squoval,long,minimal,party,Marble
neutral,square,long,minimal,daily,Minimal Nude
warm,stiletto,short,bold,daily,Minimal Nude
cool,round,medium,classic,party,Korean Pink
warm,round,short,classic,work,French Classic
cool,coffin,medium,minimal,wedding,Korean Pink
warm,square,short,minimal,wedding,Minimal Nude
cool,stiletto,short,minimal,daily,Minimal Nude
cool,oval,short,minimal,daily,Minimal Nude
cool,stiletto,long,bold,date,Marble
warm,coffin,long,classic,daily,French Classic
warm,oval,short,classic,party,Korean Pink
cool,stiletto,medium,classic,work,Korean Pink
neutral,round,long,minimal,wedding,Terracotta Swirl
neutral,squoval,short,classic,daily,French Classic
warm,oval,long,classic,daily,French Classic
warm,stiletto,long,classic,date,Korean Pink
cool,stiletto,short,bold,daily,French Classic
warm,almond,medium,classic,party,Glitter Gold
cool,coffin,medium,bold,date,Cat Eye
cool,coffin,long,classic,party,Korean Pink
cool,square,medium,classic,wedding,Korean Pink
neutral,stiletto,medium,bold,date,Cat Eye
cool,round,long,classic,work,Korean Pink
cool,coffin,medium,classic,date,Korean Pink
warm,round,medium,bold,work,Cat Eye
neutral,coffin,long,minimal,date,Minimal Nude
warm,stiletto,long,classic,daily,French Classic
warm,almond,long,minimal,date,Minimal Nude
warm,square,long,bold,work,Cat Eye
neutral,coffin,medium,classic,daily,French Classic
cool,almond,medium,bold,party,Marble
cool,coffin,medium,bold,daily,Cat Eye
neutral,squoval,short,bold,work,French Classic
neutral,stiletto,short,classic,work,French Classic
neutral,square,short,classic,wedding,French Classic
neutral,coffin,short,minimal,daily,French Classic
warm,oval,short,bold,daily,French Classic
warm,squoval,medium,bold,party,Marble
cool,square,medium,classic,work,Korean Pink
neutral,almond,medium,bold,date,Cat Eye
neutral,squoval,short,classic,wedding,French Classic
cool,coffin,medium,classic,date,Korean Pink
cool,coffin,long,bold,wedding,Marble
neutral,squoval,short,classic,daily,French Classic
warm,squoval,medium,bold,daily,Glitter Gold
neutral,coffin,short,classic,party,French Classic
warm,almond,medium,minimal,wedding,Minimal Nude
neutral,stiletto,medium,minimal,date,Minimal Nude
warm,coffin,short,bold,daily,Minimal Nude
cool,round,long,minimal,party,Marble
neutral,squoval,long,bold,daily,Terracotta Swirl
warm,coffin,long,classic,work,French Classic
cool,stiletto,short,minimal,wedding,Korean Pink
cool,round,long,minimal,daily,Minimal Nude
cool,oval,short,classic,work,French Classic
warm,square,short,minimal,wedding,Minimal Nude
neutral,stiletto,medium,minimal,party,Terracotta Swirl
warm,round,short,minimal,work,Minimal Nude
neutral,almond,short,classic,party,French Classic
neutral,squoval,short,bold,date,Cat Eye
cool,coffin,long,minimal,party,Marble
cool,squoval,long,bold,party,Marble
cool,coffin,medium,classic,party,Korean Pink
warm,oval,short,minimal,work,Minimal Nude
neutral,oval,medium,bold,date,Cat Eye
cool,squoval,short,bold,work,French Classic
warm,almond,short,minimal,work,Minimal Nude
warm,coffin,long,classic,daily,French Classic
neutral,stiletto,short,minimal,date,Minimal Nude
neutral,almond,short,classic,work,French Classic
warm,stiletto,medium,minimal,work,Minimal Nude
cool,squoval,short,minimal,work,Minimal Nude
neutral,coffin,long,minimal,work,Minimal Nude
neutral,oval,short,classic,date,French Classic
warm,almond,short,minimal,party,Minimal Nude
cool,oval,medium,classic,daily,French Classic
warm,stiletto,medium,classic,daily,French Classic
neutral,square,medium,classic,date,Korean Pink
warm,coffin,short,classic,date,French Classic
neutral,squoval,long,bold,work,Cat Eye
neutral,square,medium,minimal,party,Terracotta Swirl
cool,round,long,minimal,work,Minimal Nude
warm,square,medium,classic,wedding,Korean Pink
cool,square,long,bold,wedding,Marble
cool,almond,medium,classic,date,Korean Pink
neutral,almond,long,bold,date,Terracotta Swirl
cool,round,long,classic,wedding,Korean Pink
neutral,coffin,short,classic,wedding,French Classic
cool,almond,long,minimal,wedding,Marble
cool,oval,long,minimal,wedding,Marble
warm,stiletto,medium,bold,party,Glitter Gold
neutral,squoval,long,bold,work,Cat Eye
warm,stiletto,long,classic,work,French Classic
cool,coffin,long,bold,wedding,Marble
cool,almond,long,minimal,daily,Minimal Nude
cool,coffin,short,minimal,date,Minimal Nude
cool,oval,long,classic,wedding,Korean Pink
cool,coffin,medium,bold,party,Marble
warm,square,long,minimal,wedding,Glitter Gold
cool,stiletto,long,classic,daily,French Classic
cool,squoval,long,bold,wedding,Marble
cool,oval,medium,minimal,party,Korean Pink
cool,almond,short,classic,party,Korean Pink
warm,oval,short,minimal,wedding,Minimal Nude
warm,round,short,classic,daily,French Classic
cool,oval,short,bold,party,Marble
neutral,almond,short,minimal,daily,Minimal Nude
neutral,coffin,medium,classic,party,Korean Pink
warm,almond,long,bold,wedding,Glitter Gold
cool,stiletto,short,minimal,daily,Minimal Nude
cool,stiletto,short,minimal,party,Korean Pink
neutral,round,short,minimal,date,Minimal Nude
cool,stiletto,medium,minimal,daily,Minimal Nude
cool,oval,short,classic,date,Korean Pink
warm,oval,medium,minimal,daily,Minimal Nude
cool,squoval,long,bold,party,Marble
warm,round,short,classic,party,French Classic
neutral,squoval,long,classic,daily,French Classic
cool,oval,long,classic,party,Korean Pink
neutral,square,medium,minimal,party,Terracotta Swirl
cool,stiletto,medium,bold,work,Cat Eye
neutral,round,long,bold,party,Terracotta Swirl
cool,oval,short,classic,wedding,Korean Pink
warm,coffin,medium,minimal,party,Minimal Nude
cool,round,long,bold,work,Cat Eye
warm,squoval,long,minimal,party,Glitter Gold
cool,squoval,short,classic,party,Korean Pink
cool,round,medium,classic,wedding,Korean Pink
cool,square,medium,minimal,work,Minimal Nude
neutral,coffin,long,bold,date,Terracotta Swirl
warm,squoval,medium,minimal,work,Minimal Nude
warm,almond,long,bold,daily,Glitter Gold
neutral,square,medium,minimal,wedding,Minimal Nude
cool,square,short,minimal,party,Korean Pink
neutral,round,short,minimal,date,Korean Pink
neutral,oval,medium,bold,party,Terracotta Swirl
warm,oval,short,minimal,date,Minimal Nude
warm,stiletto,short,classic,work,French Classic
cool,almond,medium,bold,work,Cat Eye
warm,oval,short,classic,work,French Classic
neutral,stiletto,short,bold,date,Cat Eye
cool,oval,short,minimal,party,Korean Pink
warm,oval,long,classic,date,Korean Pink
cool,oval,medium,minimal,daily,Minimal Nude
warm,coffin,long,minimal,daily,Minimal Nude
warm,round,medium,classic,date,French Classic
neutral,stiletto,medium,bold,date,Cat Eye
neutral,squoval,long,bold,wedding,Terracotta Swirl
neutral,coffin,long,classic,wedding,Korean Pink
cool,oval,long,classic,work,Korean Pink
warm,round,long,classic,wedding,Glitter Gold
cool,squoval,medium,classic,wedding,Berry Jelly
warm,stiletto,short,minimal,party,Minimal Nude
warm,squoval,long,bold,work,Cat Eye
cool,squoval,short,minimal,daily,Minimal Nude
cool,square,medium,classic,party,Korean Pink
cool,oval,medium,minimal,party,Korean Pink
warm,oval,long,minimal,wedding,Glitter Gold
cool,squoval,medium,bold,party,Cat Eye
cool,stiletto,long,bold,party,Terracotta Swirl
warm,square,medium,minimal,wedding,Minimal Nude
warm,round,short,minimal,date,Minimal Nude
warm,almond,short,bold,date,Cat Eye
cool,squoval,medium,bold,party,Marble
cool,square,medium,minimal,date,Korean Pink
cool,stiletto,medium,classic,date,French Classic
neutral,coffin,long,bold,daily,Terracotta Swirl
warm,stiletto,medium,classic,party,Glitter Gold
neutral,square,short,minimal,work,French Classic
cool,squoval,short,minimal,daily,Minimal Nude
warm,oval,medium,bold,work,Cat Eye
warm,squoval,long,bold,wedding,Glitter Gold
warm,round,short,minimal,daily,Minimal Nude
cool,stiletto,short,minimal,party,Korean Pink
warm,coffin,medium,minimal,daily,Minimal Nude
cool,almond,long,classic,party,Korean Pink
cool,almond,long,bold,wedding,Marble
cool,almond,short,bold,date,Cat Eye
cool,stiletto,long,minimal,work,Minimal Nude
cool,squoval,medium,classic,date,Korean Pink
neutral,squoval,short,bold,wedding,Terracotta Swirl
cool,round,short,bold,work,French Classic
warm,oval,medium,minimal,daily,Minimal Nude
neutral,square,medium,bold,party,Terracotta Swirl
cool,square,short,minimal,work,Minimal Nude
neutral,round,medium,minimal,party,Terracotta Swirl
cool,oval,medium,classic,daily,French Classic
cool,round,medium,minimal,party,Korean Pink
cool,squoval,long,minimal,party,Marble
warm,square,short,bold,work,Minimal Nude
neutral,square,long,classic,daily,French Classic
warm,stiletto,long,minimal,work,Minimal Nude
cool,round,long,bold,work,Cat Eye
warm,squoval,short,minimal,work,Minimal Nude
cool,coffin,long,bold,wedding,Marble
warm,round,short,classic,wedding,Minimal Nude
warm,round,long,minimal,work,Minimal Nude
cool,stiletto,medium,minimal,wedding,Korean Pink
neutral,stiletto,long,minimal,date,Minimal Nude
warm,squoval,long,classic,work,French Classic
neutral,almond,short,classic,date,French Classic
cool,round,medium,classic,work,Korean Pink
cool,square,long,classic,wedding,Korean Pink
cool,squoval,short,classic,wedding,Korean Pink
cool,oval,long,minimal,daily,French Classic
warm,oval,short,classic,work,French Classic
warm,square,medium,bold,wedding,Glitter Gold
neutral,squoval,medium,classic,daily,French Classic
neutral,coffin,long,bold,date,Terracotta Swirl
neutral,oval,medium,bold,daily,Cat Eye
cool,oval,medium,minimal,daily,French Classic
cool,oval,medium,classic,party,Korean Pink
cool,squoval,short,classic,party,Korean Pink
neutral,stiletto,long,minimal,daily,Minimal Nude
warm,square,medium,minimal,party,Minimal Nude
cool,oval,short,minimal,work,Minimal Nude
cool,square,short,bold,work,French Classic
warm,coffin,medium,bold,wedding,Glitter Gold
cool,square,short,minimal,party,Korean Pink
neutral,oval,short,minimal,wedding,Minimal Nude
neutral,coffin,long,classic,date,Korean Pink
neutral,almond,long,bold,work,Cat Eye
neutral,stiletto,short,classic,date,French Classic
neutral,stiletto,medium,minimal,wedding,Minimal Nude
cool,almond,long,minimal,party,Marble
cool,squoval,long,bold,work,Cat Eye
neutral,oval,medium,classic,wedding,Korean Pink
warm,stiletto,short,bold,date,Cat Eye
cool,round,long,minimal,daily,Minimal Nude
cool,oval,medium,minimal,party,Korean Pink
cool,almond,long,classic,daily,Korean Pink
neutral,stiletto,long,classic,date,Korean Pink
cool,almond,short,bold,date,Cat Eye
warm,stiletto,short,classic,date,French Classic
warm,almond,long,minimal,daily,Minimal Nude
warm,square,long,minimal,party,Glitter Gold
neutral,coffin,medium,minimal,wedding,Minimal Nude
cool,oval,medium,minimal,work,Minimal Nude
cool,square,long,bold,date,Marble
warm,oval,short,minimal,work,French Classic
warm,round,medium,classic,daily,French Classic
neutral,squoval,long,minimal,party,Terracotta Swirl
cool,stiletto,short,classic,daily,French Classic
cool,stiletto,short,bold,wedding,Marble
neutral,stiletto,short,minimal,work,Minimal Nude
warm,almond,long,bold,work,Cat Eye
neutral,square,short,classic,party,French Classic
cool,round,long,classic,work,Korean Pink
neutral,coffin,medium,bold,daily,Cat Eye
neutral,oval,long,classic,date,Korean Pink
cool,square,long,classic,work,Korean Pink
warm,squoval,short,minimal,date,Minimal Nude
neutral,square,long,classic,party,Terracotta Swirl
warm,square,medium,minimal,work,Minimal Nude
neutral,almond,long,minimal,date,Minimal Nude
cool,almond,long,bold,wedding,Marble
warm,stiletto,long,classic,work,French Classic
cool,square,short,minimal,daily,Minimal Nude
neutral,oval,long,classic,party,Terracotta Swirl
cool,square,medium,minimal,date,Korean Pink
cool,square,long,classic,party,Berry Jelly
cool,oval,long,minimal,work,Minimal Nude
neutral,almond,short,classic,daily,Minimal Nude
cool,square,short,minimal,date,Minimal Nude
warm,oval,short,classic,wedding,French Classic
neutral,stiletto,long,minimal,date,Minimal Nude
neutral,almond,medium,bold,wedding,Terracotta Swirl
cool,stiletto,short,classic,party,Berry Jelly
cool,coffin,short,minimal,daily,Korean Pink
warm,round,medium,minimal,party,Minimal Nude
cool,almond,short,classic,work,French Classic
neutral,stiletto,short,minimal,wedding,Minimal Nude
neutral,almond,long,minimal,daily,Minimal Nude
neutral,coffin,short,minimal,date,Minimal Nude
cool,round,long,bold,wedding,Marble
neutral,stiletto,short,classic,date,French Classic
cool,oval,long,bold,party,Marble
neutral,square,medium,minimal,party,Terracotta Swirl
cool,almond,medium,classic,work,Korean Pink
warm,coffin,medium,classic,date,French Classic
warm,squoval,long,minimal,wedding,Glitter Gold
neutral,oval,long,bold,daily,Terracotta Swirl
warm,oval,long,minimal,work,Minimal Nude
neutral,round,long,minimal,party,Terracotta Swirl
warm,square,short,bold,daily,Minimal Nude
neutral,round,long,minimal,party,Terracotta Swirl
warm,squoval,short,minimal,daily,Minimal Nude
cool,squoval,medium,bold,date,Cat Eye
cool,coffin,short,bold,work,French Classic
cool,oval,long,bold,work,Cat Eye
cool,squoval,short,classic,daily,French Classic
warm,round,short,bold,party,Glitter Gold
warm,squoval,short,classic,work,French Classic
warm,squoval,short,classic,date,Minimal Nude
cool,square,long,minimal,party,Marble
cool,stiletto,medium,classic,wedding,Korean Pink
warm,squoval,short,minimal,work,Minimal Nude
cool,oval,long,bold,work,Cat Eye
neutral,square,long,classic,daily,French Classic
neutral,almond,medium,bold,party,Glitter Gold
warm,oval,medium,classic,work,French Classic
neutral,almond,long,bold,date,Terracotta Swirl
neutral,squoval,long,minimal,work,Minimal Nude
cool,stiletto,long,bold,party,Marble
warm,squoval,short,minimal,daily,Minimal Nude
neutral,stiletto,medium,classic,wedding,Korean Pink
neutral,squoval,long,bold,date,Terracotta Swirl
warm,squoval,medium,bold,work,Cat Eye
cool,round,medium,classic,party,Korean Pink
neutral,square,medium,minimal,party,Terracotta Swirl
warm,coffin,short,minimal,date,Minimal Nude
warm,squoval,short,minimal,party,Minimal Nude
neutral,round,short,bold,date,Cat Eye
warm,oval,long,minimal,work,Minimal Nude
warm,square,short,bold,party,Glitter Gold
cool,coffin,long,classic,work,Korean Pink
neutral,round,short,classic,date,French Classic
neutral,stiletto,short,minimal,party,Minimal Nude
neutral,oval,long,bold,daily,Terracotta Swirl
cool,stiletto,short,classic,wedding,Korean Pink
neutral,almond,short,bold,wedding,Cat Eye
cool,square,medium,bold,work,Cat Eye
neutral,almond,short,bold,wedding,Terracotta Swirl
warm,oval,long,minimal,work,Minimal Nude
warm,oval,short,classic,party,Korean Pink
warm,almond,short,minimal,daily,Minimal Nude
neutral,oval,medium,bold,wedding,Terracotta Swirl
cool,oval,long,minimal,work,Minimal Nude
warm,oval,medium,minimal,date,Minimal Nude
cool,round,short,minimal,work,French Classic
warm,squoval,short,bold,work,Minimal Nude
neutral,coffin,long,bold,date,Terracotta Swirl
neutral,almond,medium,classic,work,French Classic
neutral,almond,long,bold,work,Cat Eye
cool,oval,long,classic,wedding,Korean Pink
neutral,oval,long,minimal,work,Minimal Nude
cool,stiletto,long,classic,daily,Korean Pink
warm,stiletto,long,minimal,daily,Minimal Nude
neutral,almond,short,bold,party,Terracotta Swirl
neutral,almond,long,bold,work,Cat Eye
neutral,oval,short,minimal,daily,Minimal Nude
neutral,almond,short,minimal,date,Minimal Nude
cool,almond,long,minimal,wedding,Marble
neutral,oval,short,minimal,party,Minimal Nude
warm,oval,short,bold,daily,Minimal Nude
neutral,squoval,short,classic,date,Korean Pink
cool,oval,long,classic,wedding,Korean Pink
warm,stiletto,long,bold,daily,Glitter Gold
neutral,round,short,classic,work,French Classic
neutral,almond,short,minimal,work,Minimal Nude
warm,squoval,long,bold,wedding,Marble
neutral,almond,short,bold,work,French Classic
cool,squoval,long,minimal,date,Korean Pink
cool,square,short,minimal,date,Minimal Nude
neutral,coffin,long,bold,party,Terracotta Swirl
neutral,stiletto,short,minimal,work,Minimal Nude
cool,almond,long,minimal,wedding,Marble
warm,almond,medium,classic,daily,French Classic
warm,coffin,medium,minimal,party,Minimal Nude
cool,round,medium,bold,date,Cat Eye
warm,squoval,medium,bold,daily,Cat Eye
warm,stiletto,medium,bold,work,Cat Eye
cool,coffin,short,classic,wedding,Korean Pink
neutral,squoval,long,minimal,date,Minimal Nude
neutral,squoval,short,classic,work,French Classic
neutral,stiletto,long,bold,party,Terracotta Swirl
warm,stiletto,long,bold,date,Glitter Gold
warm,round,medium,minimal,daily,Minimal Nude
cool,stiletto,long,minimal,date,Korean Pink
neutral,round,medium,bold,wedding,Terracotta Swirl
neutral,oval,long,classic,party,Terracotta Swirl
warm,almond,short,classic,work,French Classic
warm,squoval,medium,minimal,work,Minimal Nude
warm,coffin,medium,bold,wedding,Glitter Gold
neutral,almond,long,bold,wedding,Terracotta Swirl
warm,round,short,classic,work,French Classic
neutral,stiletto,long,classic,work,French Classic
cool,round,medium,minimal,party,Korean Pink
neutral,squoval,short,classic,wedding,French Classic
warm,oval,medium,minimal,wedding,Minimal Nude
neutral,oval,medium,minimal,daily,Minimal Nude
cool,squoval,medium,classic,wedding,Korean Pink
neutral,almond,long,bold,daily,Terracotta Swirl
neutral,round,medium,minimal,date,Minimal Nude
neutral,oval,medium,classic,work,French Classic
neutral,round,long,bold,wedding,Glitter Gold
neutral,round,medium,minimal,work,Minimal Nude
warm,stiletto,medium,minimal,date,Minimal Nude
cool,coffin,short,classic,work,French Classic
warm,round,short,bold,date,Cat Eye
cool,coffin,short,bold,daily,French Classic
warm,oval,long,minimal,work,Minimal Nude
warm,squoval,long,classic,work,Korean Pink
warm,coffin,short,minimal,date,Minimal Nude
cool,stiletto,medium,classic,daily,French Classic
neutral,stiletto,medium,bold,date,Cat Eye
warm,oval,short,minimal,daily,Minimal Nude
cool,stiletto,medium,minimal,date,Korean Pink
neutral,almond,short,minimal,party,Minimal Nude
neutral,coffin,medium,classic,wedding,Korean Pink
neutral,round,long,classic,daily,French Classic
neutral,oval,medium,classic,date,Korean Pink
warm,round,short,classic,date,French Classic
neutral,coffin,long,classic,daily,French Classic
warm,oval,medium,bold,party,Glitter Gold
warm,almond,short,classic,work,French Classic
neutral,oval,short,bold,date,Cat Eye
warm,oval,medium,classic,wedding,Korean Pink
warm,round,medium,minimal,wedding,Minimal Nude
neutral,squoval,long,minimal,wedding,Terracotta Swirl
cool,oval,medium,classic,party,Korean Pink
neutral,round,long,bold,daily,Terracotta Swirl
warm,squoval,short,minimal,work,Minimal Nude
warm,almond,short,classic,party,French Classic
neutral,round,short,classic,work,French Classic
warm,square,long,minimal,daily,Minimal Nude
warm,square,medium,classic,daily,French Classic
neutral,almond,short,classic,date,French Classic
neutral,stiletto,medium,classic,date,Korean Pink
warm,almond,short,bold,wedding,Glitter Gold
warm,round,short,classic,date,Korean Pink
cool,stiletto,short,classic,wedding,Korean Pink
neutral,almond,long,bold,work,Cat Eye
warm,oval,long,classic,date,Korean Pink
warm,round,long,classic,party,Glitter Gold
warm,almond,short,bold,wedding,Glitter Gold
neutral,coffin,short,classic,wedding,French Classic
warm,coffin,medium,classic,date,French Classic
cool,stiletto,long,bold,date,Marble
neutral,squoval,long,bold,party,Terracotta Swirl
neutral,square,long,bold,date,Terracotta Swirl
neutral,coffin,long,bold,party,Glitter Gold
cool,oval,long,classic,date,Korean Pink
neutral,oval,short,classic,date,French Classic
warm,stiletto,long,classic,date,Korean Pink
warm,oval,short,minimal,work,Minimal Nude
warm,square,short,classic,party,French Classic
warm,squoval,long,bold,daily,Glitter Gold
cool,oval,medium,bold,daily,Cat Eye
cool,round,long,classic,work,Korean Pink
cool,almond,long,minimal,date,Korean Pink
cool,coffin,long,bold,wedding,Marble
neutral,oval,long,bold,daily,Terracotta Swirl
cool,stiletto,short,classic,party,Korean Pink
warm,oval,long,bold,date,Glitter Gold
warm,almond,short,classic,date,French Classic
neutral,coffin,short,classic,wedding,Berry Jelly
cool,almond,medium,classic,party,Korean Pink
warm,round,long,classic,party,Marble
warm,stiletto,short,bold,wedding,Glitter Gold
warm,square,short,classic,party,French Classic
warm,almond,medium,bold,wedding,Glitter Gold
warm,stiletto,short,minimal,party,Minimal Nude
warm,round,long,bold,party,Glitter Gold
cool,round,short,minimal,party,Korean Pink
warm,round,long,minimal,date,Minimal Nude
warm,round,short,classic,date,Korean Pink
cool,round,medium,bold,date,Korean Pink
cool,round,medium,classic,work,Korean Pink
neutral,oval,long,classic,party,Terracotta Swirl
warm,coffin,medium,minimal,wedding,Minimal Nude
cool,squoval,medium,bold,wedding,Marble
warm,coffin,medium,minimal,party,Minimal Nude
cool,coffin,short,bold,work,French Classic
neutral,stiletto,short,bold,party,Terracotta Swirl
cool,squoval,short,minimal,date,Minimal Nude
neutral,round,medium,minimal,party,Terracotta Swirl
neutral,almond,medium,minimal,work,Minimal Nude
cool,oval,short,minimal,wedding,Korean Pink
warm,oval,medium,classic,daily,French Classic
warm,squoval,short,minimal,work,Minimal Nude
warm,almond,short,minimal,party,Minimal Nude
cool,oval,long,bold,wedding,Marble
cool,almond,long,classic,party,Korean Pink
warm,squoval,short,bold,date,Cat Eye
cool,almond,short,bold,work,French Classic
cool,round,short,classic,wedding,Korean Pink
warm,squoval,medium,classic,daily,French Classic
warm,coffin,medium,minimal,party,Minimal Nude
warm,oval,medium,bold,party,Glitter Gold
warm,oval,short,minimal,work,Minimal Nude
cool,stiletto,long,bold,work,Cat Eye
warm,square,long,classic,work,French Classic
cool,coffin,medium,bold,date,Cat Eye
cool,stiletto,short,bold,work,French Classic
neutral,oval,long,bold,wedding,Terracotta Swirl
cool,oval,long,classic,daily,Korean Pink
neutral,almond,long,bold,party,Terracotta Swirl
warm,squoval,medium,bold,daily,Cat Eye
cool,oval,medium,bold,work,Cat Eye
warm,square,short,classic,date,French Classic
neutral,stiletto,short,minimal,work,Minimal Nude
cool,coffin,short,minimal,party,Korean Pink
neutral,square,short,classic,date,French Classic
warm,coffin,medium,classic,date,French Classic
warm,almond,long,minimal,daily,Minimal Nude
warm,square,long,classic,party,Glitter Gold
warm,almond,long,bold,wedding,Glitter Gold
neutral,almond,long,classic,date,Korean Pink
warm,oval,short,classic,daily,French Classic
neutral,coffin,short,bold,date,Cat Eye
neutral,almond,long,bold,wedding,Terracotta Swirl
cool,coffin,short,classic,date,Korean Pink
neutral,almond,long,bold,daily,Terracotta Swirl
cool,square,medium,bold,date,Cat Eye
warm,coffin,long,classic,daily,French Classic
warm,oval,long,classic,party,Glitter Gold
warm,almond,long,minimal,daily,Minimal Nude
cool,square,medium,minimal,date,Minimal Nude
neutral,squoval,medium,bold,date,Cat Eye
neutral,oval,long,bold,party,Terracotta Swirl
neutral,stiletto,short,minimal,wedding,Minimal Nude
warm,squoval,long,minimal,date,Minimal Nude
neutral,round,medium,bold,work,Cat Eye
warm,square,short,bold,wedding,Glitter Gold
neutral,stiletto,medium,classic,party,Korean Pink
cool,coffin,medium,bold,daily,Cat Eye
warm,square,long,minimal,wedding,Glitter Gold
cool,square,short,bold,party,Marble
cool,oval,short,classic,date,Korean Pink
neutral,oval,long,minimal,date,Minimal Nude
cool,stiletto,medium,minimal,work,Minimal Nude
neutral,round,medium,classic,work,French Classic
neutral,coffin,medium,minimal,date,Minimal Nude
neutral,squoval,short,classic,party,French Classic
neutral,oval,medium,bold,work,Cat Eye
warm,square,long,bold,wedding,Glitter Gold
neutral,round,long,bold,party,Terracotta Swirl
warm,coffin,medium,bold,wedding,Glitter Gold
neutral,square,short,bold,wedding,Terracotta Swirl
neutral,square,medium,minimal,daily,Minimal Nude
neutral,almond,short,bold,date,Cat Eye
warm,stiletto,short,classic,date,French Classic
warm,oval,long,bold,wedding,Glitter Gold
cool,stiletto,short,minimal,wedding,Korean Pink
cool,round,medium,classic,party,Korean Pink
cool,oval,short,minimal,work,Minimal Nude
warm,stiletto,medium,classic,date,Korean Pink
cool,stiletto,medium,minimal,daily,Minimal Nude
cool,stiletto,short,bold,daily,French Classic
warm,round,medium,minimal,party,Minimal Nude
neutral,round,long,bold,date,Terracotta Swirl
warm,almond,long,minimal,party,Terracotta Swirl
warm,oval,long,bold,date,Glitter Gold
cool,squoval,short,minimal,wedding,Korean Pink
cool,squoval,short,classic,date,Korean Pink
cool,almond,medium,classic,wedding,Korean Pink
warm,squoval,long,classic,date,Korean Pink
neutral,coffin,medium,bold,wedding,Terracotta Swirl
cool,square,medium,bold,date,Cat Eye
neutral,oval,medium,bold,daily,Cat Eye
neutral,squoval,medium,minimal,work,Minimal Nude
warm,round,short,minimal,wedding,Minimal Nude
warm,almond,long,minimal,daily,Minimal Nude
warm,coffin,short,classic,wedding,French Classic
cool,square,medium,minimal,date,Korean Pink
neutral,squoval,long,bold,work,Cat Eye
cool,square,medium,bold,date,Cat Eye
cool,almond,long,bold,party,Marble
neutral,oval,medium,classic,party,Korean Pink
cool,coffin,medium,minimal,daily,Minimal Nude
neutral,coffin,long,minimal,wedding,Terracotta Swirl
warm,almond,short,minimal,date,Minimal Nude
warm,coffin,short,minimal,daily,Minimal Nude
neutral,oval,long,minimal,wedding,Terracotta Swirl
warm,squoval,long,minimal,daily,Minimal Nude
cool,square,medium,minimal,work,Minimal Nude
cool,square,short,bold,work,French Classic
cool,almond,long,minimal,party,Marble
warm,square,medium,classic,wedding,Korean Pink
cool,almond,long,classic,party,Korean Pink
warm,stiletto,long,minimal,wedding,Glitter Gold
warm,almond,long,bold,party,Glitter Gold
neutral,almond,short,bold,daily,French Classic
neutral,stiletto,short,bold,party,Terracotta Swirl
neutral,squoval,short,minimal,party,Minimal Nude
warm,squoval,long,bold,work,Cat Eye
neutral,almond,short,minimal,wedding,Minimal Nude
warm,almond,long,bold,work,Cat Eye
warm,round,long,classic,wedding,Glitter Gold
neutral,round,long,classic,work,French Classic
warm,oval,short,classic,wedding,French Classic
warm,stiletto,long,bold,work,Cat Eye
cool,square,medium,minimal,party,Korean Pink
cool,coffin,long,classic,work,Korean Pink
cool,square,short,minimal,date,Minimal Nude
cool,almond,medium,bold,daily,Cat Eye
cool,almond,long,classic,daily,Korean Pink
warm,squoval,short,minimal,daily,Minimal Nude
neutral,almond,medium,bold,party,Terracotta Swirl
warm,squoval,long,classic,work,French Classic
neutral,almond,short,minimal,work,Korean Pink
warm,oval,medium,classic,daily,French Classic
warm,round,short,classic,date,French Classic
neutral,squoval,long,bold,date,Terracotta Swirl
cool,square,long,minimal,wedding,Marble
cool,oval,short,bold,date,Cat Eye
warm,stiletto,short,minimal,daily,Minimal Nude
cool,oval,medium,bold,daily,Cat Eye
neutral,square,short,classic,daily,French Classic
warm,oval,long,bold,daily,Glitter Gold
neutral,almond,short,bold,date,Cat Eye
neutral,round,short,classic,work,French Classic
neutral,stiletto,long,bold,work,Cat Eye
warm,almond,medium,classic,daily,French Classic
neutral,squoval,short,bold,daily,French Classic
warm,coffin,short,bold,work,Minimal Nude
warm,round,long,bold,party,Glitter Gold
neutral,oval,short,minimal,date,Minimal Nude
neutral,round,short,minimal,party,Minimal Nude
warm,oval,short,minimal,date,Minimal Nude
cool,oval,long,classic,date,Korean Pink
warm,oval,long,bold,work,Terracotta Swirl
warm,squoval,medium,classic,work,French Classic
neutral,oval,medium,bold,wedding,Terracotta Swirl
warm,oval,medium,minimal,daily,Minimal Nude
neutral,coffin,medium,bold,date,Cat Eye
cool,stiletto,short,bold,wedding,Marble
warm,almond,medium,classic,work,Korean Pink
warm,coffin,medium,classic,party,Glitter Gold
warm,stiletto,long,bold,daily,Glitter Gold
warm,coffin,long,bold,date,Glitter Gold
neutral,almond,medium,minimal,daily,Minimal Nude
cool,round,short,classic,work,French Classic
cool,almond,medium,bold,wedding,Marble
warm,oval,short,classic,daily,French Classic
warm,round,short,classic,daily,French Classic
cool,almond,short,classic,work,French Classic
cool,round,short,bold,date,Marble
neutral,round,medium,classic,date,Korean Pink
warm,oval,medium,bold,daily,Cat Eye
cool,stiletto,short,bold,daily,French Classic
neutral,stiletto,medium,minimal,work,Minimal Nude
neutral,square,medium,classic,date,Korean Pink
neutral,squoval,medium,classic,wedding,Korean Pink
cool,squoval,long,bold,wedding,Marble
cool,stiletto,short,minimal,wedding,Korean Pink
warm,oval,medium,classic,party,Glitter Gold
neutral,round,short,bold,daily,French Classic
neutral,stiletto,medium,bold,work,Cat Eye
cool,square,short,classic,work,French Classic
warm,almond,short,bold,daily,Minimal Nude
neutral,square,medium,minimal,work,Minimal Nude
neutral,round,medium,bold,daily,Cat Eye
warm,almond,short,classic,party,French Classic
warm,squoval,long,minimal,wedding,Glitter Gold
cool,square,long,classic,party,Korean Pink
cool,oval,short,bold,work,Korean Pink
cool,oval,medium,bold,date,Cat Eye
cool,squoval,long,classic,date,Korean Pink
warm,oval,short,bold,daily,Minimal Nude
neutral,stiletto,short,bold,party,Terracotta Swirl
cool,square,medium,classic,party,Korean Pink
warm,square,long,minimal,date,Minimal Nude
warm,coffin,medium,minimal,daily,French Classic
cool,squoval,medium,minimal,wedding,Korean Pink
neutral,almond,short,minimal,daily,Korean Pink
cool,coffin,medium,minimal,wedding,Marble
neutral,square,long,minimal,date,Minimal Nude
neutral,round,long,bold,wedding,Terracotta Swirl
cool,oval,long,bold,daily,Cat Eye
warm,round,medium,bold,date,Cat Eye
neutral,square,long,bold,party,Terracotta Swirl
cool,stiletto,long,bold,party,Marble
neutral,round,short,classic,date,French Classic
warm,stiletto,medium,classic,date,French Classic
cool,round,medium,classic,daily,French Classic
cool,square,short,classic,party,Korean Pink
warm,oval,short,classic,party,French Classic
neutral,coffin,long,bold,date,Terracotta Swirl
neutral,almond,short,bold,party,Terracotta Swirl
warm,coffin,medium,minimal,party,Minimal Nude
neutral,oval,short,minimal,party,Terracotta Swirl
neutral,stiletto,short,minimal,daily,Minimal Nude
warm,coffin,long,bold,daily,Glitter Gold
neutral,coffin,medium,minimal,date,Minimal Nude
warm,oval,medium,bold,date,Cat Eye
neutral,almond,long,classic,work,French Classic
warm,squoval,short,bold,date,Cat Eye
neutral,square,long,bold,daily,Terracotta Swirl
warm,almond,medium,classic,wedding,Korean Pink
warm,stiletto,short,classic,wedding,French Classic
neutral,oval,long,classic,date,Korean Pink
warm,almond,short,minimal,daily,Minimal Nude
warm,squoval,medium,classic,party,Glitter Gold
warm,stiletto,short,classic,date,Korean Pink
cool,round,long,bold,daily,Cat Eye
neutral,squoval,long,bold,wedding,Terracotta Swirl
neutral,coffin,medium,bold,date,Cat Eye
neutral,stiletto,medium,bold,party,Terracotta Swirl
warm,square,short,bold,wedding,Glitter Gold
warm,square,short,bold,party,Glitter Gold
cool,round,medium,bold,work,Cat Eye
cool,coffin,long,bold,date,Marble
neutral,squoval,medium,minimal,party,Terracotta Swirl
neutral,coffin,long,classic,work,French Classic
warm,almond,medium,bold,wedding,Glitter Gold
cool,squoval,long,minimal,wedding,Marble
cool,round,medium,classic,date,Korean Pink
warm,squoval,short,minimal,date,Minimal Nude
cool,oval,short,classic,date,Korean Pink
neutral,squoval,medium,bold,date,Cat Eye
neutral,almond,short,classic,date,French Classic
neutral,almond,short,bold,daily,French Classic
warm,square,medium,classic,work,French Classic
neutral,squoval,long,bold,daily,Terracotta Swirl
neutral,stiletto,short,minimal,wedding,Minimal Nude
neutral,stiletto,long,minimal,wedding,Terracotta Swirl
neutral,coffin,short,minimal,party,Minimal Nude
warm,squoval,long,classic,daily,French Classic
warm,round,medium,classic,date,French Classic
cool,square,long,minimal,work,Minimal Nude
cool,stiletto,medium,classic,work,Korean Pink
neutral,round,medium,classic,daily,French Classic
neutral,square,medium,minimal,date,Minimal Nude
warm,squoval,long,classic,daily,French Classic
warm,coffin,medium,bold,date,Cat Eye
neutral,coffin,short,bold,date,Cat Eye
neutral,round,medium,classic,date,Korean Pink
cool,round,medium,classic,party,Korean Pink
warm,stiletto,short,classic,date,French Classic
cool,coffin,medium,classic,date,Korean Pink
neutral,almond,long,minimal,date,Minimal Nude
neutral,almond,medium,classic,date,Korean Pink
cool,coffin,short,classic,wedding,Korean Pink
cool,stiletto,long,minimal,daily,Minimal Nude
warm,coffin,long,bold,work,Terracotta Swirl
cool,square,short,bold,party,Marble
warm,square,short,minimal,party,Terracotta Swirl
neutral,round,short,bold,date,Cat Eye
neutral,stiletto,medium,minimal,party,Terracotta Swirl
cool,coffin,long,minimal,daily,Minimal Nude
cool,square,medium,bold,daily,Cat Eye
warm,round,short,bold,date,Cat Eye
warm,square,long,bold,wedding,Glitter Gold
cool,squoval,medium,bold,wedding,Marble
neutral,stiletto,long,bold,party,Terracotta Swirl
cool,round,medium,classic,wedding,Korean Pink
cool,square,medium,classic,party,Korean Pink
cool,almond,short,bold,party,Marble
cool,stiletto,medium,minimal,work,Minimal Nude
neutral,round,medium,minimal,work,Minimal Nude
cool,square,medium,classic,work,Korean Pink
warm,stiletto,medium,classic,wedding,Glitter Gold
neutral,square,long,bold,wedding,Terracotta Swirl
warm,round,long,bold,party,Glitter Gold
warm,round,short,minimal,wedding,Minimal Nude
cool,squoval,medium,bold,party,Marble
warm,stiletto,medium,bold,daily,Cat Eye
warm,round,short,classic,daily,Korean Pink
cool,almond,long,bold,party,Marble
warm,stiletto,long,minimal,daily,Minimal Nude
neutral,squoval,medium,bold,party,Terracotta Swirl
warm,oval,short,minimal,date,Minimal Nude
cool,squoval,short,classic,party,Korean Pink
neutral,squoval,medium,minimal,party,Marble
warm,oval,short,minimal,date,Minimal Nude
neutral,stiletto,medium,classic,work,French Classic
neutral,almond,long,classic,date,Berry Jelly
cool,stiletto,long,minimal,wedding,Marble
neutral,oval,medium,minimal,daily,Minimal Nude
neutral,stiletto,short,bold,wedding,Terracotta Swirl
cool,stiletto,medium,minimal,daily,Minimal Nude
cool,square,medium,bold,wedding,Marble
cool,square,long,minimal,work,Minimal Nude
warm,round,short,minimal,work,Minimal Nude
cool,square,long,bold,party,Marble
neutral,coffin,short,classic,party,French Classic
cool,stiletto,short,minimal,wedding,Korean Pink
neutral,coffin,short,classic,work,Korean Pink
neutral,squoval,long,minimal,daily,Minimal Nude
cool,coffin,short,bold,date,Cat Eye
neutral,stiletto,medium,minimal,daily,Minimal Nude
neutral,coffin,short,minimal,party,Minimal Nude
warm,square,long,bold,date,Glitter Gold
cool,almond,short,classic,work,French Classic
warm,round,long,bold,daily,Glitter Gold
neutral,stiletto,medium,classic,party,Korean Pink
neutral,round,medium,classic,work,French Classic
cool,coffin,medium,classic,wedding,Korean Pink
neutral,oval,long,classic,daily,French Classic
neutral,oval,medium,bold,date,Cat Eye
neutral,coffin,long,bold,wedding,Terracotta Swirl
neutral,round,short,bold,party,Terracotta Swirl
neutral,coffin,medium,bold,party,Terracotta Swirl
neutral,almond,medium,bold,date,Cat Eye
warm,stiletto,long,bold,daily,Glitter Gold
cool,squoval,long,bold,work,Cat Eye
warm,square,medium,bold,work,Cat Eye
warm,round,short,bold,date,Cat Eye
cool,coffin,medium,minimal,wedding,Korean Pink
warm,stiletto,long,bold,work,Cat Eye
warm,almond,short,minimal,date,Minimal Nude
warm,round,long,bold,date,Glitter Gold
cool,stiletto,short,bold,work,French Classic
neutral,stiletto,long,minimal,date,Minimal Nude
warm,oval,short,minimal,daily,Minimal Nude
warm,oval,short,minimal,daily,Cat Eye
neutral,squoval,medium,classic,party,Korean Pink
warm,almond,long,bold,date,Glitter Gold
neutral,squoval,long,classic,daily,French Classic
cool,oval,medium,classic,daily,French Classic
neutral,oval,long,classic,wedding,Korean Pink
neutral,round,long,bold,daily,Terracotta Swirl
cool,squoval,long,bold,work,Cat Eye
cool,squoval,long,classic,daily,Korean Pink
neutral,stiletto,short,classic,party,French Classic
warm,square,medium,classic,date,French Classic
warm,square,short,bold,daily,Minimal Nude
neutral,squoval,medium,classic,daily,Minimal Nude
cool,square,medium,minimal,daily,Minimal Nude
warm,square,short,classic,date,French Classic
cool,almond,long,classic,date,Korean Pink
neutral,almond,short,classic,date,French Classic
cool,squoval,long,minimal,wedding,Marble
cool,almond,long,bold,date,Marble
warm,squoval,long,classic,daily,French Classic
neutral,squoval,long,bold,date,Terracotta Swirl
neutral,round,medium,bold,party,Terracotta Swirl
warm,square,short,classic,date,French Classic
cool,squoval,short,bold,party,Marble
warm,coffin,long,minimal,work,Minimal Nude
warm,squoval,long,classic,party,Glitter Gold
neutral,almond,long,bold,work,Cat Eye
cool,round,long,minimal,date,Korean Pink
warm,round,medium,classic,wedding,Korean Pink
warm,squoval,medium,classic,wedding,Korean Pink
neutral,coffin,short,classic,wedding,French Classic
warm,stiletto,short,minimal,date,Minimal Nude
neutral,almond,short,classic,daily,French Classic
neutral,squoval,short,classic,wedding,French Classic
warm,almond,medium,classic,date,French Classic
cool,round,long,classic,wedding,Korean Pink
warm,round,long,classic,wedding,Glitter Gold
warm,square,medium,bold,work,French Classic
warm,oval,medium,classic,daily,French Classic
warm,coffin,short,minimal,party,Minimal Nude
neutral,square,medium,classic,daily,French Classic
warm,stiletto,short,classic,party,French Classic
neutral,oval,long,bold,wedding,Terracotta Swirl
cool,round,short,minimal,party,Korean Pink
neutral,oval,short,bold,wedding,Terracotta Swirl
warm,round,short,classic,daily,French Classic
neutral,stiletto,medium,minimal,party,Minimal Nude
neutral,coffin,long,minimal,daily,Minimal Nude
cool,round,long,minimal,party,Marble
warm,stiletto,long,minimal,wedding,Glitter Gold
warm,coffin,short,bold,wedding,Glitter Gold
cool,round,long,minimal,work,Korean Pink
warm,stiletto,medium,bold,wedding,Glitter Gold
warm,squoval,medium,bold,daily,Cat Eye
neutral,stiletto,medium,bold,wedding,Terracotta Swirl
warm,stiletto,long,minimal,date,Minimal Nude
cool,almond,long,bold,work,Cat Eye
cool,square,short,bold,wedding,Marble
cool,stiletto,short,classic,daily,French Classic
neutral,almond,short,classic,work,French Classic
neutral,round,short,bold,daily,Minimal Nude
warm,oval,medium,bold,date,Cat Eye
neutral,oval,short,classic,wedding,French Classic
neutral,square,medium,classic,date,Korean Pink
warm,square,short,classic,date,Minimal Nude
neutral,squoval,short,bold,party,Terracotta Swirl
neutral,almond,short,bold,wedding,Terracotta Swirl
neutral,almond,short,bold,wedding,Terracotta Swirl
cool,stiletto,short,classic,wedding,Korean Pink
warm,almond,short,classic,wedding,Korean Pink
cool,coffin,short,classic,wedding,Korean Pink
cool,square,short,classic,party,Korean Pink
neutral,oval,long,minimal,date,Terracotta Swirl
cool,round,short,classic,wedding,Korean Pink
neutral,almond,short,minimal,daily,Minimal Nude
warm,squoval,long,classic,daily,French Classic
neutral,round,short,classic,wedding,French Classic
cool,coffin,medium,minimal,work,Minimal Nude
warm,squoval,long,bold,wedding,Glitter Gold
cool,stiletto,medium,bold,daily,Cat Eye
warm,round,long,minimal,work,Minimal Nude
cool,stiletto,long,classic,daily,French Classic
neutral,round,short,classic,daily,French Classic
neutral,oval,medium,bold,date,Cat Eye
neutral,almond,medium,minimal,party,Terracotta Swirl
cool,round,medium,bold,work,Cat Eye
cool,almond,long,minimal,wedding,Marble
neutral,coffin,medium,bold,daily,Cat Eye
neutral,stiletto,short,minimal,daily,Minimal Nude
cool,coffin,long,minimal,wedding,Marble
warm,oval,long,bold,daily,Cat Eye
warm,round,short,classic,daily,French Classic
neutral,stiletto,medium,minimal,daily,Minimal Nude
neutral,almond,short,minimal,wedding,Minimal Nude
neutral,oval,long,classic,wedding,Korean Pink
warm,square,long,bold,wedding,Glitter Gold
cool,squoval,short,minimal,daily,Minimal Nude
cool,almond,long,minimal,daily,Minimal Nude
cool,stiletto,long,minimal,daily,Minimal Nude
neutral,squoval,medium,classic,daily,French Classic
warm,squoval,long,classic,work,French Classic
warm,coffin,short,bold,wedding,Glitter Gold
neutral,square,short,minimal,daily,Minimal Nude
cool,squoval,short,classic,wedding,Korean Pink
neutral,square,short,minimal,party,Minimal Nude
cool,square,medium,minimal,party,Korean Pink
warm,squoval,long,classic,work,French Classic
neutral,oval,long,bold,work,Cat Eye
warm,square,medium,minimal,daily,Minimal Nude
neutral,round,long,classic,daily,French Classic
warm,coffin,long,bold,party,Glitter Gold
warm,round,short,minimal,daily,Minimal Nude
cool,oval,short,bold,daily,French Classic
neutral,square,medium,classic,date,Korean Pink
neutral,squoval,medium,bold,work,Minimal Nude
neutral,almond,medium,classic,work,French Classic
warm,stiletto,short,classic,work,French Classic
neutral,oval,medium,classic,wedding,Korean Pink
warm,square,medium,classic,daily,French Classic
warm,round,medium,minimal,daily,Minimal Nude
warm,oval,long,bold,daily,Glitter Gold
cool,coffin,short,minimal,date,Minimal Nude
warm,round,medium,bold,daily,Cat Eye
cool,coffin,short,bold,wedding,Marble
cool,round,short,bold,party,Marble
cool,square,long,bold,daily,Cat Eye
cool,almond,long,classic,party,Korean Pink
neutral,round,medium,bold,date,Cat Eye
cool,oval,medium,bold,date,Cat Eye
warm,almond,medium,bold,work,Cat Eye
neutral,squoval,short,bold,wedding,Terracotta Swirl
cool,stiletto,short,bold,daily,French Classic
warm,oval,long,classic,work,French Classic
neutral,oval,long,classic,date,Korean Pink
warm,oval,long,minimal,daily,Minimal Nude
cool,square,medium,classic,work,Korean Pink
neutral,stiletto,long,bold,daily,Cat Eye
neutral,almond,long,minimal,daily,Minimal Nude
neutral,coffin,long,minimal,work,Minimal Nude
warm,square,long,bold,work,Cat Eye
warm,oval,long,classic,party,Glitter Gold
warm,coffin,short,minimal,wedding,Minimal Nude
warm,stiletto,short,bold,daily,Minimal Nude
warm,squoval,medium,classic,work,French Classic
cool,coffin,long,minimal,party,Marble
cool,squoval,long,minimal,date,Korean Pink
warm,stiletto,short,bold,daily,Minimal Nude
neutral,round,medium,bold,daily,Cat Eye
cool,stiletto,long,minimal,work,Minimal Nude
neutral,oval,short,minimal,wedding,Minimal Nude
neutral,almond,medium,minimal,date,Minimal Nude
warm,oval,long,minimal,work,Minimal Nude
cool,squoval,short,bold,daily,French Classic
neutral,square,medium,classic,party,Korean Pink
warm,squoval,short,bold,party,Glitter Gold
warm,almond,long,classic,wedding,Glitter Gold
cool,almond,medium,classic,wedding,Korean Pink
cool,squoval,medium,minimal,wedding,Korean Pink
warm,coffin,short,bold,party,Glitter Gold
cool,coffin,long,classic,work,Korean Pink
warm,stiletto,short,classic,work,French Classic
warm,round,medium,minimal,wedding,Minimal Nude
cool,coffin,short,bold,wedding,Marble
neutral,coffin,medium,classic,work,French Classic
neutral,stiletto,long,bold,daily,Terracotta Swirl
cool,almond,long,bold,daily,Cat Eye
cool,oval,long,minimal,wedding,Marble
neutral,round,long,bold,date,Terracotta Swirl
cool,oval,short,bold,wedding,Marble
warm,coffin,medium,classic,work,French Classic
neutral,round,medium,bold,work,Cat Eye
cool,oval,short,bold,work,Korean Pink
cool,stiletto,long,bold,party,Marble
cool,coffin,medium,classic,party,Korean Pink
cool,coffin,long,bold,wedding,Marble
cool,squoval,long,bold,wedding,Marble
neutral,square,short,classic,work,French Classic
neutral,squoval,medium,classic,party,Korean Pink
neutral,stiletto,long,classic,daily,French Classic
cool,oval,short,minimal,wedding,Korean Pink
warm,almond,long,minimal,date,Minimal Nude
neutral,square,long,minimal,wedding,Terracotta Swirl
cool,almond,short,classic,wedding,Korean Pink
cool,square,medium,minimal,daily,Minimal Nude
warm,round,medium,classic,work,French Classic
neutral,almond,short,classic,work,French Classic
cool,round,long,classic,date,Korean Pink
warm,stiletto,short,classic,daily,French Classic
cool,square,short,bold,daily,French Classic
cool,oval,long,classic,work,Korean Pink
neutral,round,short,bold,daily,French Classic
neutral,stiletto,medium,minimal,work,Minimal Nude
warm,square,long,bold,party,Marble
cool,square,short,minimal,wedding,Korean Pink
neutral,square,long,minimal,party,Terracotta Swirl
neutral,stiletto,medium,classic,wedding,Korean Pink
neutral,coffin,medium,minimal,daily,Minimal Nude
neutral,oval,long,bold,daily,Terracotta Swirl
cool,stiletto,medium,bold,work,Cat Eye
cool,squoval,medium,minimal,date,Korean Pink
neutral,square,medium,minimal,work,Minimal Nude
warm,square,short,bold,daily,Minimal Nude
neutral,coffin,medium,minimal,party,Terracotta Swirl
warm,round,medium,classic,date,French Classic
warm,round,short,minimal,party,Minimal Nude
warm,coffin,short,minimal,wedding,Minimal Nude
cool,coffin,short,minimal,party,Minimal Nude
warm,almond,long,minimal,work,Minimal Nude
neutral,stiletto,long,bold,daily,Terracotta Swirl
warm,round,short,minimal,work,Minimal Nude
cool,square,long,minimal,date,Korean Pink
warm,coffin,short,bold,work,Minimal Nude
neutral,stiletto,medium,minimal,wedding,Minimal Nude
cool,almond,medium,bold,work,Cat Eye
warm,oval,short,bold,party,Glitter Gold
neutral,oval,long,bold,date,Terracotta Swirl
cool,square,medium,bold,work,Cat Eye
warm,oval,short,classic,party,Korean Pink
warm,squoval,medium,minimal,daily,Minimal Nude
cool,round,long,minimal,party,Marble
warm,stiletto,long,minimal,work,Minimal Nude
warm,round,medium,minimal,work,Minimal Nude
cool,coffin,long,minimal,date,Korean Pink
neutral,oval,long,minimal,party,Terracotta Swirl
neutral,squoval,long,classic,date,Korean Pink
cool,squoval,short,classic,party,Korean Pink
warm,oval,short,minimal,work,Minimal Nude
warm,coffin,long,minimal,daily,Minimal Nude
cool,square,short,classic,date,Korean Pink
neutral,almond,short,bold,work,French Classic
cool,squoval,short,classic,work,French Classic
neutral,square,short,classic,daily,French Classic
warm,stiletto,long,bold,party,Glitter Gold
warm,round,long,minimal,date,Glitter Gold
neutral,stiletto,medium,classic,daily,French Classic
warm,squoval,long,classic,work,French Classic
cool,stiletto,short,bold,date,Cat Eye
warm,coffin,short,minimal,party,Minimal Nude
neutral,round,long,classic,party,Terracotta Swirl
neutral,squoval,long,classic,party,Marble
cool,stiletto,medium,minimal,wedding,Korean Pink
neutral,round,short,bold,daily,French Classic
cool,coffin,medium,minimal,daily,Minimal Nude
neutral,square,medium,classic,wedding,French Classic
warm,almond,long,classic,date,Korean Pink
neutral,square,medium,bold,party,Terracotta Swirl
warm,round,medium,minimal,work,Minimal Nude
cool,oval,long,minimal,daily,Minimal Nude
neutral,squoval,short,minimal,daily,Minimal Nude
warm,oval,long,minimal,party,Glitter Gold
neutral,squoval,medium,bold,date,Cat Eye
cool,round,long,bold,party,Marble
warm,squoval,medium,classic,work,Korean Pink
warm,oval,medium,bold,party,Glitter Gold
warm,squoval,medium,bold,date,Cat Eye
neutral,almond,medium,bold,date,Cat Eye
warm,stiletto,long,minimal,date,Minimal Nude
neutral,coffin,medium,minimal,daily,Minimal Nude
neutral,stiletto,medium,classic,wedding,Korean Pink
neutral,coffin,long,bold,wedding,Terracotta Swirl
warm,oval,short,minimal,daily,Minimal Nude
cool,stiletto,short,classic,party,Korean Pink
cool,square,long,bold,party,Marble
cool,squoval,short,bold,daily,Cat Eye
neutral,squoval,medium,classic,wedding,Korean Pink
cool,squoval,medium,classic,date,Korean Pink
cool,square,short,classic,work,French Classic
cool,squoval,long,minimal,wedding,Marble
warm,round,medium,minimal,wedding,Minimal Nude
warm,squoval,short,minimal,date,Minimal Nude
cool,almond,medium,bold,work,Cat Eye
cool,round,short,bold,date,Cat Eye
warm,almond,long,classic,work,French Classic
warm,coffin,medium,bold,party,Glitter Gold
warm,square,medium,minimal,work,Minimal Nude
cool,squoval,long,minimal,party,Marble
warm,stiletto,medium,bold,wedding,Glitter Gold
neutral,stiletto,long,bold,wedding,Terracotta Swirl
cool,square,medium,bold,party,Marble
cool,stiletto,medium,classic,work,Korean Pink
cool,stiletto,short,classic,date,Korean Pink
neutral,almond,long,minimal,date,Minimal Nude
neutral,stiletto,medium,classic,date,Korean Pink
warm,almond,medium,classic,wedding,French Classic
neutral,coffin,long,minimal,work,Minimal Nude
neutral,square,long,classic,work,French Classic
cool,coffin,short,bold,date,Cat Eye
neutral,almond,medium,minimal,work,Minimal Nude
warm,stiletto,long,classic,work,French Classic
warm,stiletto,medium,minimal,party,Minimal Nude
neutral,square,short,classic,party,French Classic
cool,stiletto,long,minimal,work,Minimal Nude
warm,square,medium,bold,party,Glitter Gold
cool,round,short,bold,date,Cat Eye
warm,stiletto,short,minimal,wedding,Minimal Nude
warm,oval,long,classic,wedding,Glitter Gold
cool,almond,long,bold,party,Marble
neutral,square,long,bold,party,Terracotta Swirl
neutral,squoval,short,bold,date,Cat Eye
warm,square,long,classic,date,Korean Pink
cool,coffin,medium,classic,party,Korean Pink
warm,oval,long,bold,wedding,Glitter Gold
cool,oval,short,classic,work,French Classic
neutral,oval,short,minimal,work,Minimal Nude
cool,oval,medium,classic,work,Korean Pink
warm,square,short,bold,party,Glitter Gold
cool,almond,long,bold,party,Marble
neutral,stiletto,short,minimal,date,Minimal Nude
neutral,square,long,bold,work,Cat Eye
cool,squoval,long,minimal,work,Minimal Nude
neutral,round,long,bold,party,Terracotta Swirl
cool,round,medium,classic,work,Korean Pink
cool,oval,medium,minimal,work,Minimal Nude
cool,round,short,minimal,date,Minimal Nude
cool,squoval,medium,classic,work,Korean Pink
cool,coffin,short,minimal,work,Minimal Nude
warm,almond,short,minimal,work,French Classic
cool,almond,short,minimal,work,Minimal Nude
warm,round,short,minimal,wedding,Minimal Nude
cool,round,long,bold,daily,Cat Eye
cool,stiletto,medium,classic,daily,French Classic
cool,oval,medium,bold,date,Cat Eye
cool,oval,long,minimal,work,Minimal Nude
cool,oval,short,minimal,work,Minimal Nude
neutral,almond,long,classic,party,Terracotta Swirl
warm,oval,medium,bold,work,French Classic
cool,squoval,short,bold,daily,Minimal Nude
warm,oval,long,minimal,wedding,Terracotta Swirl
warm,squoval,long,classic,wedding,Glitter Gold
neutral,squoval,long,minimal,party,Terracotta Swirl
neutral,squoval,medium,classic,party,Korean Pink
neutral,stiletto,short,classic,daily,French Classic
neutral,almond,short,bold,party,Terracotta Swirl
neutral,squoval,long,minimal,wedding,Terracotta Swirl
warm,oval,short,classic,date,Korean Pink
neutral,square,medium,classic,date,Korean Pink
cool,almond,long,bold,work,Cat Eye
cool,oval,long,minimal,party,Marble
warm,stiletto,short,minimal,work,Minimal Nude
warm,almond,medium,bold,daily,Cat Eye
cool,coffin,long,classic,date,Korean Pink
cool,stiletto,short,classic,wedding,Korean Pink
neutral,oval,long,minimal,wedding,Terracotta Swirl
neutral,almond,medium,bold,wedding,Terracotta Swirl
cool,coffin,short,classic,daily,French Classic
warm,squoval,medium,bold,wedding,Glitter Gold
neutral,squoval,short,minimal,daily,Minimal Nude
cool,oval,short,minimal,party,Korean Pink
neutral,square,long,classic,date,Korean Pink
cool,stiletto,short,minimal,daily,Minimal Nude
warm,oval,medium,classic,wedding,Korean Pink
warm,square,long,bold,party,Glitter Gold
neutral,square,short,classic,party,French Classic
warm,stiletto,medium,bold,party,Glitter Gold
neutral,square,short,bold,wedding,Terracotta Swirl
neutral,squoval,medium,classic,date,Korean Pink
warm,squoval,medium,bold,work,Cat Eye
neutral,coffin,medium,classic,work,French Classic
cool,squoval,medium,classic,work,Korean Pink
cool,almond,short,minimal,party,Minimal Nude
cool,almond,short,minimal,date,Minimal Nude
neutral,square,long,bold,work,Cat Eye
cool,round,short,classic,party,Korean Pink
warm,almond,medium,classic,date,French Classic
cool,oval,medium,bold,work,Cat Eye
warm,stiletto,long,bold,wedding,Glitter Gold
warm,round,medium,classic,daily,French Classic
cool,almond,long,minimal,date,Korean Pink
warm,oval,long,minimal,work,Minimal Nude
warm,round,medium,bold,date,Cat Eye
warm,coffin,short,minimal,daily,Minimal Nude
warm,round,short,minimal,wedding,Minimal Nude
neutral,coffin,short,bold,wedding,Terracotta Swirl
cool,almond,medium,bold,party,Marble
cool,round,short,bold,daily,French Classic
cool,almond,long,minimal,party,Marble
cool,stiletto,short,bold,daily,Cat Eye
warm,almond,long,classic,party,Glitter Gold
cool,oval,medium,bold,wedding,Marble
cool,coffin,medium,classic,party,Korean Pink
neutral,round,long,classic,work,French Classic
neutral,oval,short,bold,work,French Classic
cool,stiletto,short,minimal,daily,Minimal Nude
warm,square,long,minimal,daily,Minimal Nude
neutral,square,long,minimal,daily,Minimal Nude
cool,almond,long,bold,daily,Korean Pink
cool,oval,medium,bold,date,Cat Eye
neutral,square,long,bold,date,Terracotta Swirl
neutral,coffin,short,minimal,date,Minimal Nude
cool,squoval,medium,minimal,work,Minimal Nude
warm,round,medium,minimal,work,Minimal Nude
warm,almond,medium,minimal,daily,Cat Eye
warm,square,short,classic,work,French Classic
warm,almond,long,minimal,wedding,Glitter Gold
warm,squoval,long,minimal,date,Minimal Nude
warm,round,medium,classic,date,French Classic
warm,stiletto,medium,classic,work,French Classic
warm,stiletto,long,minimal,date,Minimal Nude
cool,coffin,short,minimal,party,Korean Pink
neutral,round,long,classic,daily,French Classic
neutral,stiletto,medium,minimal,party,Terracotta Swirl
warm,squoval,long,classic,daily,French Classic
warm,oval,long,bold,work,Cat Eye
warm,coffin,long,minimal,daily,Minimal Nude
neutral,coffin,short,classic,work,French Classic
neutral,coffin,short,bold,party,Terracotta Swirl
neutral,coffin,short,classic,party,French Classic
warm,coffin,short,classic,wedding,French Classic
warm,round,long,bold,date,Glitter Gold
neutral,stiletto,medium,minimal,daily,Minimal Nude
cool,almond,medium,classic,daily,French Classic
neutral,coffin,short,classic,date,French Classic
neutral,coffin,short,bold,wedding,Terracotta Swirl
cool,oval,long,bold,daily,Cat Eye
neutral,oval,long,classic,party,Terracotta Swirl
cool,almond,medium,minimal,date,Korean Pink
neutral,stiletto,short,minimal,wedding,Minimal Nude
cool,almond,long,bold,date,Marble
warm,square,medium,minimal,date,Minimal Nude
cool,coffin,long,minimal,party,Marble
warm,almond,long,minimal,party,Glitter Gold
cool,oval,long,classic,party,Korean Pink
cool,round,medium,bold,date,Cat Eye
warm,almond,short,bold,date,Cat Eye
neutral,coffin,medium,classic,date,Korean Pink
neutral,stiletto,long,classic,party,Terracotta Swirl
neutral,oval,long,bold,wedding,Terracotta Swirl
cool,oval,medium,classic,date,Korean Pink
cool,oval,medium,bold,date,Cat Eye
neutral,round,medium,classic,date,Korean Pink
cool,square,medium,minimal,date,Korean Pink
neutral,almond,medium,minimal,wedding,Minimal Nude
warm,stiletto,short,minimal,party,Minimal Nude
cool,round,medium,classic,wedding,Korean Pink
warm,round,long,minimal,wedding,Glitter Gold
cool,square,long,minimal,work,Berry Jelly
neutral,almond,short,bold,daily,French Classic
cool,coffin,long,bold,work,Cat Eye
neutral,squoval,medium,bold,daily,Cat Eye
cool,stiletto,short,minimal,work,Minimal Nude
cool,stiletto,medium,minimal,daily,Minimal Nude
neutral,square,long,classic,party,Terracotta Swirl
neutral,square,long,minimal,daily,Minimal Nude
cool,squoval,medium,minimal,date,Korean Pink
neutral,oval,medium,bold,wedding,Terracotta Swirl
neutral,round,long,classic,daily,French Classic
neutral,squoval,short,classic,daily,Korean Pink
warm,squoval,medium,bold,daily,Minimal Nude
cool,square,medium,minimal,date,Korean Pink
warm,squoval,medium,classic,wedding,Korean Pink
neutral,squoval,medium,minimal,wedding,Minimal Nude
cool,oval,short,minimal,wedding,Korean Pink
neutral,almond,medium,classic,work,French Classic
cool,stiletto,short,minimal,work,Minimal Nude
warm,square,short,minimal,wedding,Minimal Nude
warm,square,medium,classic,party,Glitter Gold
cool,almond,medium,bold,wedding,Marble
warm,almond,medium,classic,work,French Classic
neutral,oval,medium,minimal,party,Terracotta Swirl
warm,square,medium,bold,wedding,Glitter Gold
warm,coffin,long,minimal,daily,Minimal Nude
cool,oval,long,minimal,daily,Minimal Nude
warm,coffin,medium,minimal,work,Minimal Nude
cool,squoval,short,classic,wedding,Korean Pink
neutral,coffin,short,bold,wedding,Terracotta Swirl
neutral,coffin,medium,bold,wedding,Terracotta Swirl
neutral,coffin,medium,minimal,wedding,Minimal Nude
cool,round,medium,minimal,date,Korean Pink
cool,almond,short,classic,daily,French Classic
neutral,stiletto,long,minimal,wedding,Terracotta Swirl
warm,square,medium,classic,wedding,Korean Pink
warm,stiletto,medium,bold,work,Cat Eye
warm,square,medium,bold,wedding,Glitter Gold
cool,round,medium,bold,wedding,Marble
neutral,squoval,short,classic,wedding,French Classic
neutral,oval,short,classic,work,French Classic
neutral,round,short,minimal,daily,Minimal Nude
cool,round,short,bold,work,French Classic
neutral,almond,long,minimal,party,Terracotta Swirl
neutral,squoval,long,bold,work,Cat Eye
neutral,round,medium,minimal,party,Terracotta Swirl
warm,round,medium,bold,party,Glitter Gold
neutral,round,medium,minimal,daily,Minimal Nude
cool,squoval,medium,bold,work,Cat Eye
neutral,oval,medium,bold,daily,Cat Eye
neutral,stiletto,short,classic,party,French Classic
warm,square,medium,classic,party,Korean Pink
cool,coffin,medium,minimal,date,Korean Pink
neutral,round,medium,minimal,work,Minimal Nude
warm,almond,long,bold,wedding,Glitter Gold
neutral,stiletto,medium,classic,wedding,French Classic
neutral,almond,short,bold,daily,French Classic
neutral,almond,long,classic,party,Terracotta Swirl
warm,almond,short,bold,wedding,Glitter Gold
neutral,round,long,bold,party,Terracotta Swirl
cool,square,short,bold,wedding,Marble
neutral,almond,long,classic,date,Korean Pink
neutral,almond,long,classic,date,Korean Pink
warm,almond,medium,classic,wedding,Korean Pink
neutral,square,long,minimal,date,Minimal Nude
neutral,round,short,minimal,daily,Minimal Nude
neutral,squoval,long,bold,date,Terracotta Swirl
neutral,stiletto,long,minimal,work,Minimal Nude
neutral,oval,long,bold,party,Terracotta Swirl
cool,round,medium,bold,date,Cat Eye
cool,square,short,classic,work,French Classic
warm,almond,medium,bold,daily,Glitter Gold
warm,coffin,short,minimal,date,Minimal Nude
cool,stiletto,long,minimal,daily,Minimal Nude
neutral,squoval,long,minimal,wedding,Terracotta Swirl
cool,almond,short,minimal,date,Minimal Nude
neutral,almond,long,minimal,daily,Minimal Nude
neutral,round,medium,classic,work,French Classic
cool,squoval,long,minimal,work,Minimal Nude
cool,round,long,bold,wedding,Marble
neutral,stiletto,short,bold,party,Terracotta Swirl
warm,stiletto,long,classic,work,French Classic
cool,round,long,bold,daily,Cat Eye
warm,stiletto,long,minimal,daily,Minimal Nude
neutral,oval,long,classic,wedding,Korean Pink
cool,square,short,minimal,party,Korean Pink
neutral,almond,medium,bold,daily,Cat Eye
neutral,round,short,classic,wedding,French Classic
cool,oval,long,classic,work,Korean Pink
cool,coffin,long,classic,work,Korean Pink
cool,oval,medium,minimal,work,Minimal Nude
neutral,coffin,long,classic,date,Korean Pink
cool,oval,long,minimal,daily,Minimal Nude
neutral,square,medium,minimal,wedding,Minimal Nude
cool,squoval,long,minimal,daily,Minimal Nude
cool,stiletto,medium,minimal,date,Korean Pink
warm,square,medium,minimal,daily,Minimal Nude
warm,squoval,long,bold,daily,Glitter Gold
neutral,oval,medium,classic,work,French Classic
warm,almond,long,classic,party,Glitter Gold
cool,oval,medium,minimal,date,Berry Jelly
cool,round,long,bold,party,Marble
neutral,coffin,medium,classic,work,French Classic
neutral,square,medium,classic,daily,French Classic
warm,round,short,bold,date,Cat Eye
warm,squoval,short,minimal,wedding,Minimal Nude
cool,oval,medium,minimal,date,Korean Pink
cool,coffin,medium,bold,wedding,Marble
neutral,stiletto,long,minimal,date,Minimal Nude
warm,round,long,classic,date,Korean Pink
cool,squoval,medium,classic,date,Korean Pink
neutral,round,long,minimal,work,Minimal Nude
cool,almond,long,classic,wedding,Korean Pink
cool,round,long,minimal,wedding,Marble
cool,oval,medium,minimal,party,Korean Pink
warm,round,long,classic,date,Korean Pink
warm,stiletto,short,classic,wedding,French Classic
warm,oval,medium,minimal,date,Minimal Nude
neutral,round,long,classic,work,French Classic
cool,coffin,long,classic,date,Korean Pink
warm,oval,medium,classic,party,Glitter Gold
cool,round,short,bold,daily,French Classic
neutral,round,medium,minimal,date,Minimal Nude
cool,round,short,bold,work,French Classic
cool,square,short,minimal,wedding,Korean Pink
warm,round,long,minimal,wedding,Glitter Gold
warm,round,medium,classic,daily,Korean Pink
neutral,squoval,long,bold,wedding,Terracotta Swirl
warm,square,medium,minimal,date,Minimal Nude
warm,almond,medium,bold,date,Cat Eye
neutral,oval,short,classic,date,French Classic
warm,almond,long,bold,date,Glitter Gold
neutral,squoval,medium,bold,party,Terracotta Swirl
warm,square,short,classic,wedding,French Classic
warm,square,short,classic,work,French Classic
warm,round,long,bold,daily,Cat Eye
cool,almond,medium,minimal,party,Korean Pink
cool,round,short,bold,party,Marble
neutral,oval,short,minimal,daily,French Classic
warm,squoval,medium,bold,work,Minimal Nude
warm,squoval,long,bold,daily,Cat Eye
cool,almond,medium,minimal,daily,Minimal Nude
warm,square,long,minimal,daily,Minimal Nude
warm,almond,medium,minimal,work,Minimal Nude
warm,coffin,medium,minimal,work,Minimal Nude
neutral,stiletto,medium,bold,daily,Cat Eye
cool,round,long,classic,party,Korean Pink
warm,round,medium,classic,wedding,Korean Pink
warm,squoval,short,bold,work,Minimal Nude
warm,squoval,short,classic,wedding,French Classic
cool,round,short,minimal,wedding,Korean Pink
warm,oval,medium,minimal,daily,Minimal Nude
warm,oval,medium,minimal,work,Minimal Nude
cool,stiletto,short,minimal,daily,Minimal Nude
cool,coffin,medium,classic,work,Korean Pink
warm,oval,long,minimal,party,Glitter Gold
cool,square,short,minimal,work,Minimal Nude
warm,coffin,medium,bold,wedding,Glitter Gold
warm,coffin,short,classic,wedding,French Classic
cool,almond,long,classic,daily,Korean Pink
warm,round,short,bold,daily,Minimal Nude
neutral,almond,short,minimal,party,Minimal Nude
cool,stiletto,long,classic,date,Korean Pink
cool,square,medium,bold,party,Marble
neutral,coffin,medium,minimal,work,Minimal Nude
warm,round,long,bold,wedding,Glitter Gold
cool,round,long,bold,work,Cat Eye
neutral,almond,short,bold,daily,French Classic
cool,square,long,bold,work,Korean Pink
warm,round,medium,bold,date,Cat Eye
warm,squoval,long,bold,work,Cat Eye
cool,oval,medium,bold,wedding,Marble
cool,squoval,short,bold,work,French Classic
neutral,almond,medium,classic,wedding,Korean Pink
warm,coffin,short,minimal,daily,Minimal Nude
warm,coffin,long,classic,work,French Classic
cool,square,short,minimal,work,Minimal Nude
warm,almond,long,classic,work,French Classic
neutral,coffin,medium,classic,work,French Classic
neutral,round,short,bold,date,Cat Eye
neutral,round,short,classic,daily,French Classic
warm,round,long,minimal,party,Glitter Gold
neutral,coffin,short,minimal,work,Minimal Nude
warm,squoval,long,bold,date,Glitter Gold
neutral,coffin,medium,bold,date,Cat Eye
neutral,stiletto,long,classic,wedding,Korean Pink
warm,stiletto,long,classic,party,Glitter Gold
cool,oval,short,minimal,daily,Minimal Nude
neutral,almond,medium,bold,work,Cat Eye
warm,round,long,minimal,party,Glitter Gold
neutral,round,medium,minimal,date,Minimal Nude
cool,coffin,medium,classic,date,Korean Pink
neutral,stiletto,medium,minimal,daily,Minimal Nude
cool,stiletto,long,minimal,daily,Minimal Nude
cool,stiletto,short,classic,party,Korean Pink
cool,square,medium,bold,date,Cat Eye
cool,almond,long,classic,party,Korean Pink
warm,coffin,short,minimal,daily,Minimal Nude
cool,coffin,long,minimal,work,Minimal Nude
neutral,round,long,bold,work,Cat Eye
neutral,oval,long,classic,date,Korean Pink
cool,round,short,classic,work,Korean Pink
neutral,round,medium,classic,wedding,Korean Pink
cool,oval,medium,bold,work,Cat Eye
warm,oval,medium,classic,daily,French Classic
warm,almond,short,bold,work,Minimal Nude
cool,round,long,minimal,party,Marble
neutral,oval,long,classic,wedding,Korean Pink
cool,coffin,medium,minimal,daily,Korean Pink
warm,oval,short,classic,party,French Classic
warm,round,short,bold,work,Minimal Nude
cool,round,short,minimal,work,Minimal Nude
warm,almond,long,bold,party,Glitter Gold
warm,round,long,classic,date,Korean Pink
warm,squoval,long,classic,party,Glitter Gold
warm,stiletto,long,classic,wedding,Glitter Gold
warm,square,long,minimal,work,Minimal Nude
cool,oval,long,classic,party,Korean Pink
warm,round,long,minimal,wedding,Glitter Gold
cool,squoval,long,bold,work,Cat Eye
cool,squoval,short,classic,work,French Classic
cool,round,medium,classic,date,Korean Pink
cool,stiletto,short,bold,work,French Classic
neutral,oval,medium,classic,daily,French Classic
cool,coffin,medium,classic,party,Korean Pink
warm,square,short,bold,party,Glitter Gold
cool,stiletto,long,classic,date,Korean Pink
cool,stiletto,long,classic,party,Korean Pink
warm,coffin,short,bold,daily,Minimal Nude
cool,round,short,classic,daily,French Classic
cool,almond,long,classic,wedding,Korean Pink
warm,oval,medium,classic,work,French Classic
cool,coffin,medium,bold,party,Marble
warm,oval,short,classic,party,French Classic
neutral,coffin,medium,minimal,wedding,Minimal Nude
warm,round,medium,bold,wedding,Glitter Gold
neutral,stiletto,short,minimal,daily,Minimal Nude
neutral,squoval,short,bold,date,Cat Eye
cool,oval,short,bold,party,Marble
warm,square,long,bold,wedding,Glitter Gold
neutral,stiletto,short,bold,daily,French Classic
cool,almond,medium,bold,daily,Cat Eye
cool,square,short,classic,daily,French Classic
warm,oval,short,minimal,wedding,Minimal Nude
neutral,coffin,medium,minimal,work,Minimal Nude
warm,round,long,classic,daily,French Classic
neutral,almond,medium,minimal,work,Minimal Nude
warm,coffin,long,bold,date,Glitter Gold
warm,oval,short,minimal,work,Minimal Nude
cool,almond,long,bold,date,Marble
warm,round,short,classic,daily,French Classic
warm,square,medium,minimal,work,Minimal Nude
neutral,squoval,long,minimal,date,Minimal Nude
neutral,almond,medium,minimal,daily,Minimal Nude
cool,oval,medium,bold,date,Cat Eye
warm,coffin,long,classic,daily,French Classic
cool,stiletto,long,classic,date,Korean Pink
cool,round,long,minimal,daily,Minimal Nude
cool,square,short,classic,date,Korean Pink
warm,round,medium,minimal,date,Minimal Nude
cool,almond,long,minimal,party,Marble
cool,almond,short,bold,work,French Classic
cool,round,medium,minimal,date,Korean Pink
warm,stiletto,long,classic,work,French Classic
warm,coffin,long,bold,party,Glitter Gold
cool,stiletto,short,bold,work,French Classic
warm,round,medium,classic,date,French Classic
warm,oval,medium,bold,daily,Cat Eye
neutral,almond,medium,classic,party,Korean Pink
neutral,round,short,minimal,wedding,Minimal Nude
cool,oval,short,minimal,party,Korean Pink
warm,stiletto,short,classic,date,Minimal Nude
neutral,coffin,medium,bold,wedding,Terracotta Swirl
cool,squoval,long,classic,daily,Korean Pink
cool,coffin,long,classic,daily,Korean Pink
neutral,round,short,bold,wedding,Terracotta Swirl
warm,round,medium,minimal,daily,Minimal Nude
cool,stiletto,short,classic,daily,French Classic
warm,oval,medium,minimal,date,Minimal Nude
warm,square,short,bold,daily,Minimal Nude
warm,almond,short,classic,date,French Classic
neutral,round,short,minimal,daily,Minimal Nude
warm,coffin,medium,bold,daily,Cat Eye
cool,stiletto,short,minimal,work,Minimal Nude
warm,squoval,medium,bold,wedding,Glitter Gold
neutral,almond,medium,bold,wedding,Terracotta Swirl
warm,oval,long,bold,wedding,Glitter Gold
neutral,round,short,minimal,wedding,Minimal Nude
cool,squoval,medium,classic,work,Korean Pink
neutral,stiletto,medium,minimal,wedding,Minimal Nude
neutral,square,medium,bold,daily,Cat Eye
warm,squoval,medium,classic,daily,French Classic
neutral,square,long,classic,date,French Classic
cool,oval,medium,bold,daily,Cat Eye
neutral,squoval,short,minimal,party,Terracotta Swirl
cool,squoval,long,classic,wedding,Korean Pink
cool,squoval,short,minimal,wedding,Korean Pink
warm,squoval,short,minimal,date,Minimal Nude
cool,squoval,medium,bold,party,Marble
neutral,stiletto,short,classic,daily,French Classic
cool,square,medium,minimal,date,Korean Pink
cool,square,short,classic,date,Korean Pink
neutral,squoval,long,minimal,party,Glitter Gold
warm,square,medium,classic,date,French Classic
warm,squoval,short,bold,date,Cat Eye
warm,squoval,medium,classic,wedding,Korean Pink
cool,coffin,medium,bold,work,Cat Eye
warm,stiletto,long,minimal,wedding,Glitter Gold
neutral,squoval,medium,classic,work,French Classic
warm,oval,long,classic,date,Korean Pink
neutral,round,medium,bold,daily,Cat Eye
neutral,almond,medium,bold,work,Cat Eye
neutral,square,medium,minimal,wedding,Minimal Nude
neutral,almond,long,minimal,party,Terracotta Swirl
cool,coffin,short,classic,date,Korean Pink
cool,square,short,classic,work,French Classic
neutral,square,medium,classic,daily,French Classic
neutral,almond,medium,classic,wedding,Korean Pink
warm,squoval,short,bold,daily,Minimal Nude
neutral,square,short,minimal,party,Minimal Nude
cool,coffin,short,classic,work,French Classic
neutral,oval,short,bold,work,French Classic
warm,stiletto,short,classic,wedding,French Classic
cool,squoval,long,minimal,party,Marble
warm,round,medium,minimal,date,Minimal Nude
cool,round,medium,classic,date,Korean Pink
neutral,oval,short,classic,work,French Classic
cool,almond,short,minimal,date,Minimal Nude
warm,oval,short,minimal,party,Minimal Nude
neutral,stiletto,long,minimal,daily,Minimal Nude
cool,oval,long,classic,wedding,Korean Pink
warm,round,medium,bold,daily,Cat Eye
cool,squoval,short,minimal,daily,Minimal Nude
warm,squoval,short,classic,daily,French Classic
cool,almond,short,minimal,work,Minimal Nude
cool,oval,medium,classic,party,Korean Pink
warm,stiletto,medium,minimal,date,Minimal Nude
cool,squoval,short,bold,daily,French Classic
neutral,round,long,classic,wedding,Korean Pink
warm,square,long,bold,date,Glitter Gold
neutral,square,short,bold,date,Cat Eye
neutral,oval,short,classic,work,French Classic
cool,oval,long,minimal,work,Minimal Nude
warm,stiletto,medium,minimal,wedding,Minimal Nude
cool,stiletto,long,classic,daily,Korean Pink
cool,coffin,medium,classic,party,Korean Pink
warm,squoval,short,bold,wedding,Glitter Gold
warm,almond,medium,classic,date,French Classic
neutral,square,short,classic,daily,French Classic
neutral,squoval,medium,minimal,party,Terracotta Swirl
cool,stiletto,medium,minimal,work,Minimal Nude
neutral,coffin,short,bold,work,French Classic
warm,oval,short,classic,wedding,French Classic
warm,almond,short,classic,wedding,French Classic
warm,almond,short,minimal,work,Minimal Nude
warm,oval,short,minimal,daily,Minimal Nude
warm,square,short,minimal,work,Minimal Nude
neutral,stiletto,medium,classic,daily,French Classic
neutral,oval,medium,classic,wedding,Korean Pink
neutral,round,short,classic,date,French Classic
neutral,stiletto,long,classic,work,French Classic
warm,oval,short,classic,work,French Classic
warm,almond,medium,minimal,daily,Minimal Nude
warm,square,long,bold,date,Glitter Gold
warm,round,short,classic,wedding,Minimal Nude
warm,squoval,medium,bold,party,Glitter Gold
neutral,almond,long,minimal,daily,Minimal Nude
warm,squoval,medium,minimal,daily,Minimal Nude
cool,almond,medium,classic,work,Korean Pink
cool,oval,long,classic,daily,Korean Pink
cool,square,long,minimal,date,Korean Pink
cool,squoval,short,bold,work,Cat Eye
warm,coffin,medium,minimal,party,Minimal Nude
cool,squoval,medium,minimal,date,Korean Pink
cool,square,medium,minimal,work,Minimal Nude
neutral,squoval,short,classic,work,Korean Pink
neutral,oval,long,bold,date,Terracotta Swirl
cool,stiletto,short,classic,daily,French Classic
neutral,round,short,classic,work,French Classic
cool,round,medium,minimal,wedding,Korean Pink
warm,round,long,bold,daily,Glitter Gold
neutral,stiletto,short,bold,party,Terracotta Swirl
neutral,squoval,long,minimal,wedding,Terracotta Swirl
warm,square,long,bold,wedding,Glitter Gold
warm,round,long,bold,work,Cat Eye
cool,coffin,long,classic,date,Korean Pink
neutral,oval,long,minimal,wedding,Terracotta Swirl
cool,squoval,short,classic,party,Korean Pink
neutral,oval,short,minimal,work,Minimal Nude
neutral,squoval,medium,minimal,wedding,Minimal Nude
warm,oval,medium,classic,date,French Classic
cool,square,short,bold,wedding,Marble
cool,coffin,long,bold,work,Cat Eye
neutral,oval,medium,bold,party,Terracotta Swirl
cool,oval,medium,minimal,daily,Minimal Nude
cool,squoval,medium,minimal,date,Korean Pink
cool,square,short,bold,wedding,Marble
warm,stiletto,long,classic,work,French Classic
warm,oval,medium,minimal,daily,Minimal Nude
cool,coffin,long,bold,party,Marble
cool,squoval,short,bold,party,Marble
cool,oval,long,minimal,daily,Minimal Nude
warm,stiletto,short,minimal,wedding,Cat Eye
neutral,oval,long,minimal,daily,Minimal Nude
neutral,squoval,medium,minimal,party,Minimal Nude
cool,round,medium,classic,daily,French Classic
cool,squoval,short,minimal,daily,Minimal Nude
cool,coffin,short,minimal,work,Minimal Nude
warm,coffin,short,bold,work,Minimal Nude
warm,almond,long,minimal,work,Minimal Nude
cool,round,short,bold,work,French Classic
warm,coffin,short,classic,daily,French Classic
warm,squoval,medium,bold,daily,Cat Eye
cool,squoval,short,bold,party,Marble
warm,squoval,medium,minimal,party,Minimal Nude
neutral,almond,long,classic,daily,Korean Pink
warm,squoval,short,minimal,wedding,Minimal Nude
cool,stiletto,medium,bold,work,Cat Eye
neutral,round,short,minimal,party,Minimal Nude
neutral,stiletto,long,classic,wedding,Korean Pink
cool,square,short,minimal,daily,Minimal Nude
cool,stiletto,medium,minimal,work,Minimal Nude
cool,squoval,long,classic,date,Korean Pink
cool,stiletto,short,classic,work,French Classic
neutral,square,short,bold,daily,French Classic
cool,stiletto,short,classic,wedding,Korean Pink
warm,almond,long,classic,daily,French Classic
cool,almond,long,bold,work,Cat Eye
neutral,oval,short,minimal,wedding,Minimal Nude
cool,square,medium,classic,daily,French Classic
warm,oval,medium,classic,party,Glitter Gold
warm,almond,medium,bold,wedding,Glitter Gold
warm,oval,medium,classic,date,French Classic
warm,squoval,short,classic,date,French Classic
cool,coffin,medium,minimal,work,Minimal Nude
neutral,coffin,medium,minimal,daily,Minimal Nude
warm,almond,medium,minimal,date,Minimal Nude
neutral,square,medium,bold,wedding,Terracotta Swirl
cool,coffin,medium,minimal,wedding,Korean Pink
neutral,round,short,bold,work,French Classic
warm,square,long,classic,daily,French Classic
neutral,coffin,medium,bold,daily,Cat Eye
cool,almond,long,classic,wedding,Korean Pink
warm,squoval,long,classic,daily,French Classic
cool,stiletto,long,classic,party,Korean Pink
cool,stiletto,medium,minimal,party,Korean Pink
cool,almond,short,classic,wedding,Korean Pink
warm,almond,medium,bold,date,Cat Eye
warm,oval,medium,classic,work,French Classic
warm,round,long,classic,wedding,Terracotta Swirl
neutral,stiletto,long,classic,daily,French Classic
warm,square,medium,classic,daily,French Classic
warm,oval,long,minimal,party,Glitter Gold
cool,almond,long,minimal,work,Korean Pink
neutral,squoval,long,minimal,daily,Minimal Nude
cool,coffin,short,bold,work,French Classic
warm,squoval,medium,classic,date,French Classic
warm,almond,short,bold,party,Glitter Gold
neutral,squoval,medium,minimal,date,Minimal Nude
neutral,almond,short,classic,party,French Classic
neutral,squoval,short,classic,work,French Classic
neutral,almond,long,classic,party,Korean Pink
neutral,square,short,bold,wedding,Terracotta Swirl
warm,stiletto,short,bold,party,Cat Eye
neutral,squoval,long,minimal,date,Minimal Nude
neutral,coffin,medium,minimal,party,Terracotta Swirl
warm,stiletto,short,minimal,party,Minimal Nude
neutral,coffin,short,classic,work,French Classic
neutral,almond,short,bold,date,French Classic
neutral,oval,medium,minimal,date,Minimal Nude
neutral,square,short,minimal,party,Marble
warm,almond,medium,classic,date,French Classic
cool,almond,medium,minimal,daily,Minimal Nude
neutral,almond,long,bold,work,Cat Eye
warm,coffin,short,classic,wedding,French Classic
neutral,almond,long,minimal,daily,Minimal Nude
neutral,almond,medium,classic,daily,French Classic
neutral,oval,short,bold,wedding,Terracotta Swirl
cool,oval,short,classic,wedding,Korean Pink
neutral,oval,medium,minimal,date,Minimal Nude
neutral,stiletto,medium,bold,work,Cat Eye
neutral,oval,long,bold,daily,Terracotta Swirl
neutral,round,medium,classic,date,Korean Pink
warm,squoval,long,classic,wedding,Glitter Gold
neutral,round,medium,bold,date,Cat Eye
warm,round,medium,bold,wedding,Glitter Gold
neutral,coffin,long,minimal,date,Minimal Nude
warm,squoval,short,minimal,party,Terracotta Swirl
warm,squoval,long,classic,daily,French Classic
warm,oval,short,bold,date,Glitter Gold
warm,squoval,short,classic,work,French Classic
neutral,squoval,long,minimal,wedding,Terracotta Swirl
neutral,square,short,bold,daily,French Classic
neutral,almond,long,bold,wedding,Terracotta Swirl
warm,coffin,long,classic,wedding,Terracotta Swirl
neutral,round,medium,bold,daily,Cat Eye
cool,stiletto,short,minimal,party,Korean Pink
warm,round,long,minimal,date,Minimal Nude
warm,oval,long,minimal,party,Glitter Gold
cool,oval,long,classic,wedding,Korean Pink
cool,stiletto,long,classic,work,Korean Pink
cool,almond,long,classic,daily,Korean Pink
neutral,coffin,medium,bold,work,Cat Eye
neutral,square,short,classic,date,French Classic
warm,oval,medium,classic,work,Korean Pink
cool,almond,medium,classic,daily,French Classic
cool,coffin,medium,minimal,work,Minimal Nude
cool,oval,medium,classic,work,Korean Pink
neutral,square,short,classic,wedding,French Classic
cool,square,long,minimal,date,Korean Pink
cool,stiletto,medium,bold,daily,Cat Eye
cool,stiletto,long,classic,date,Korean Pink
warm,square,long,bold,party,Glitter Gold
warm,almond,medium,classic,party,Glitter Gold
warm,oval,short,classic,daily,French Classic
cool,almond,long,bold,party,Marble
warm,oval,medium,bold,wedding,Glitter Gold
cool,stiletto,long,minimal,work,Minimal Nude
cool,oval,long,bold,party,Marble
cool,almond,long,minimal,daily,Minimal Nude
cool,round,medium,bold,date,Cat Eye
warm,square,medium,bold,date,Cat Eye
neutral,coffin,short,bold,date,Cat Eye
neutral,almond,short,minimal,wedding,Minimal Nude
neutral,squoval,medium,bold,date,Cat Eye
cool,squoval,long,minimal,wedding,Marble
cool,round,medium,minimal,work,Minimal Nude
warm,round,long,classic,date,Korean Pink
warm,square,short,bold,date,Cat Eye
neutral,round,short,minimal,party,Minimal Nude
warm,square,medium,minimal,party,Minimal Nude
warm,stiletto,long,bold,daily,Glitter Gold
cool,coffin,long,bold,work,Cat Eye
cool,coffin,long,minimal,work,Minimal Nude
warm,oval,long,bold,party,Glitter Gold
neutral,stiletto,long,classic,work,Berry Jelly
neutral,squoval,long,classic,party,Terracotta Swirl
neutral,stiletto,long,bold,work,Cat Eye
warm,square,long,bold,work,Cat Eye
warm,square,short,minimal,date,Minimal Nude
cool,squoval,long,minimal,date,Korean Pink
neutral,almond,medium,minimal,date,Minimal Nude
neutral,stiletto,short,bold,wedding,Terracotta Swirl
warm,round,short,classic,wedding,French Classic
warm,squoval,long,classic,party,Glitter Gold
neutral,squoval,long,classic,party,Terracotta Swirl
neutral,coffin,long,classic,daily,French Classic
cool,squoval,medium,minimal,work,Minimal Nude
warm,coffin,short,classic,date,French Classic
cool,round,short,minimal,party,Korean Pink
warm,coffin,short,minimal,party,Minimal Nude
cool,round,short,classic,daily,French Classic
neutral,oval,short,minimal,wedding,Minimal Nude
neutral,stiletto,long,bold,daily,Terracotta Swirl
neutral,squoval,short,minimal,party,Terracotta Swirl
neutral,oval,medium,classic,wedding,Korean Pink
cool,almond,long,minimal,wedding,Marble
warm,squoval,long,bold,party,Glitter Gold
warm,square,short,minimal,party,Minimal Nude
warm,stiletto,long,minimal,party,Glitter Gold
neutral,almond,medium,minimal,party,Terracotta Swirl
neutral,oval,long,bold,wedding,Marble
cool,oval,medium,minimal,date,Korean Pink
neutral,stiletto,medium,bold,daily,Cat Eye
neutral,coffin,short,bold,daily,French Classic
cool,square,medium,bold,date,Cat Eye
cool,oval,long,bold,daily,Cat Eye
warm,coffin,medium,classic,daily,French Classic
neutral,oval,short,bold,wedding,Terracotta Swirl
cool,round,long,classic,daily,Korean Pink
warm,almond,long,bold,work,Cat Eye
neutral,round,long,minimal,date,Minimal Nude
warm,stiletto,long,bold,daily,Glitter Gold
cool,stiletto,long,bold,party,Marble
cool,coffin,long,bold,daily,Cat Eye
neutral,almond,short,minimal,party,Minimal Nude
neutral,coffin,medium,minimal,party,Terracotta Swirl
cool,coffin,long,minimal,work,Minimal Nude
cool,coffin,medium,minimal,work,Minimal Nude
neutral,squoval,medium,classic,daily,French Classic
neutral,round,medium,classic,daily,French Classic
neutral,almond,medium,minimal,date,Minimal Nude
neutral,coffin,short,bold,date,French Classic
neutral,coffin,medium,minimal,daily,Korean Pink
warm,stiletto,medium,classic,daily,Korean Pink
cool,almond,medium,bold,daily,Cat Eye
cool,oval,short,bold,daily,French Classic
neutral,squoval,short,classic,party,French Classic
neutral,oval,short,minimal,wedding,Minimal Nude
cool,coffin,short,classic,party,Korean Pink
cool,coffin,medium,classic,party,Korean Pink
warm,stiletto,long,bold,work,Cat Eye
warm,round,medium,minimal,wedding,Minimal Nude
warm,stiletto,long,bold,wedding,Glitter Gold
neutral,square,medium,classic,party,Korean Pink
warm,stiletto,medium,minimal,work,Minimal Nude
neutral,squoval,short,classic,work,French Classic
warm,coffin,medium,minimal,date,Minimal Nude
warm,square,medium,bold,party,Terracotta Swirl
neutral,squoval,short,classic,daily,French Classic
warm,squoval,medium,minimal,party,Minimal Nude
cool,round,short,bold,date,Cat Eye
warm,coffin,long,classic,wedding,Glitter Gold
neutral,almond,long,minimal,daily,Minimal Nude
neutral,round,long,minimal,work,Korean Pink
warm,coffin,short,minimal,wedding,Minimal Nude
neutral,square,medium,minimal,work,Minimal Nude
cool,stiletto,medium,bold,party,Marble
cool,oval,short,bold,work,French Classic
warm,round,long,bold,date,Glitter Gold
warm,stiletto,medium,classic,party,Glitter Gold
neutral,square,medium,classic,date,Korean Pink
warm,square,medium,bold,date,Cat Eye
cool,coffin,medium,classic,work,Korean Pink
warm,almond,short,bold,date,Cat Eye
neutral,almond,medium,classic,wedding,Korean Pink
cool,stiletto,medium,classic,party,Korean Pink
warm,stiletto,short,bold,wedding,Glitter Gold
cool,almond,medium,minimal,wedding,Korean Pink
cool,round,short,classic,daily,French Classic
warm,square,long,classic,daily,French Classic
cool,squoval,long,minimal,party,Marble
cool,round,short,minimal,wedding,Korean Pink
warm,square,long,classic,daily,French Classic
neutral,round,short,classic,work,French Classic
neutral,round,medium,classic,daily,French Classic
warm,square,long,classic,date,Korean Pink
warm,square,medium,minimal,work,Minimal Nude
cool,square,medium,bold,wedding,Cat Eye
cool,coffin,long,classic,work,Berry Jelly
neutral,squoval,long,minimal,wedding,Terracotta Swirl
warm,almond,long,minimal,date,Minimal Nude
neutral,squoval,medium,bold,wedding,Terracotta Swirl
cool,almond,short,classic,wedding,Korean Pink
warm,almond,short,minimal,wedding,Minimal Nude
cool,square,long,bold,date,Marble
neutral,round,medium,bold,party,Terracotta Swirl
warm,coffin,long,classic,party,Glitter Gold
warm,almond,medium,minimal,daily,Minimal Nude
warm,almond,short,minimal,daily,Minimal Nude
cool,squoval,short,minimal,work,Minimal Nude
warm,coffin,long,bold,party,Glitter Gold
neutral,oval,short,bold,party,Terracotta Swirl
warm,oval,long,minimal,wedding,Glitter Gold
warm,stiletto,medium,classic,party,Glitter Gold
neutral,coffin,short,classic,work,French Classic
warm,almond,long,minimal,work,Minimal Nude
cool,coffin,short,minimal,work,Minimal Nude
warm,round,long,minimal,wedding,Glitter Gold
warm,round,medium,bold,work,Cat Eye
warm,almond,medium,classic,work,French Classic
cool,squoval,long,minimal,date,Korean Pink
warm,almond,short,bold,party,Glitter Gold
cool,stiletto,short,classic,wedding,Korean Pink
warm,squoval,short,classic,wedding,French Classic
neutral,almond,long,minimal,work,Minimal Nude
warm,round,short,minimal,party,Minimal Nude
warm,oval,long,minimal,work,Minimal Nude
cool,coffin,long,minimal,work,Minimal Nude
cool,squoval,short,minimal,daily,Minimal Nude
neutral,almond,long,minimal,party,Terracotta Swirl
cool,coffin,medium,minimal,party,Berry Jelly
cool,round,short,classic,daily,French Classic
cool,oval,long,bold,wedding,Marble
cool,round,long,minimal,party,Marble
cool,coffin,short,minimal,party,Korean Pink
neutral,coffin,medium,classic,wedding,Korean Pink
cool,squoval,medium,minimal,wedding,Korean Pink
warm,stiletto,medium,minimal,daily,Minimal Nude
warm,coffin,medium,minimal,date,Minimal Nude
cool,coffin,medium,classic,party,Korean Pink
cool,almond,medium,classic,wedding,Korean Pink
neutral,almond,short,minimal,date,Minimal Nude
neutral,coffin,long,bold,party,Terracotta Swirl
neutral,coffin,medium,bold,daily,Cat Eye
neutral,almond,medium,minimal,date,Minimal Nude
cool,stiletto,medium,minimal,wedding,Korean Pink
neutral,oval,short,classic,party,French Classic
warm,oval,long,minimal,date,Minimal Nude
cool,round,short,minimal,work,Minimal Nude
neutral,coffin,long,bold,daily,Terracotta Swirl
warm,square,long,classic,date,Korean Pink
warm,square,short,minimal,daily,Minimal Nude
cool,squoval,long,bold,work,Cat Eye
warm,stiletto,long,bold,wedding,Glitter Gold
cool,oval,long,minimal,wedding,Marble
cool,coffin,long,bold,party,Glitter Gold
neutral,almond,short,minimal,work,Minimal Nude
neutral,almond,long,classic,daily,French Classic
neutral,stiletto,medium,minimal,party,Terracotta Swirl
cool,coffin,short,bold,work,French Classic
cool,almond,long,classic,party,Korean Pink
neutral,almond,long,bold,wedding,Terracotta Swirl
neutral,square,long,classic,party,Terracotta Swirl
neutral,stiletto,medium,minimal,date,Minimal Nude
warm,stiletto,long,classic,work,French Classic
warm,round,long,minimal,date,Minimal Nude
cool,round,medium,classic,work,French Classic
cool,square,medium,bold,party,Marble
cool,square,medium,classic,date,Korean Pink
cool,square,medium,classic,wedding,Korean Pink
cool,squoval,medium,classic,daily,Korean Pink
neutral,squoval,medium,bold,party,Terracotta Swirl
warm,square,long,minimal,wedding,Terracotta Swirl
cool,square,medium,minimal,work,Minimal Nude
cool,stiletto,medium,classic,daily,French Classic
neutral,almond,medium,classic,daily,French Classic
warm,oval,long,classic,date,Korean Pink
warm,almond,short,classic,party,French Classic
neutral,round,medium,minimal,work,Minimal Nude
warm,almond,medium,classic,work,French Classic
neutral,coffin,medium,minimal,work,Korean Pink
cool,coffin,short,bold,date,Cat Eye
warm,round,long,classic,daily,French Classic
neutral,almond,short,bold,party,Terracotta Swirl
neutral,squoval,long,classic,date,Korean Pink
warm,stiletto,medium,classic,work,French Classic
warm,oval,medium,classic,date,French Classic
warm,square,medium,minimal,party,Minimal Nude
cool,stiletto,long,classic,wedding,Korean Pink
warm,almond,medium,classic,work,French Classic
neutral,round,medium,bold,date,Marble
cool,round,short,bold,date,Cat Eye
warm,coffin,short,minimal,daily,Minimal Nude
neutral,almond,short,classic,date,French Classic
warm,squoval,short,classic,work,French Classic
neutral,coffin,medium,bold,party,Terracotta Swirl
neutral,squoval,medium,classic,date,Korean Pink
warm,coffin,medium,minimal,date,Minimal Nude
neutral,square,long,bold,work,Cat Eye
neutral,almond,long,minimal,date,Minimal Nude
neutral,almond,medium,bold,date,Cat Eye
cool,round,long,classic,work,Korean Pink
warm,oval,medium,minimal,wedding,Minimal Nude
cool,coffin,long,classic,work,Korean Pink
cool,square,long,minimal,daily,Minimal Nude
cool,oval,long,minimal,party,Marble
neutral,oval,long,bold,daily,Terracotta Swirl
neutral,stiletto,short,classic,date,French Classic
cool,stiletto,short,classic,wedding,Korean Pink
neutral,square,medium,bold,date,Cat Eye
warm,squoval,short,minimal,work,Minimal Nude
warm,oval,long,classic,daily,French Classic
neutral,almond,short,minimal,work,Minimal Nude
neutral,stiletto,long,minimal,daily,Minimal Nude
cool,square,medium,bold,date,Cat Eye
cool,round,long,bold,wedding,Marble
cool,almond,medium,bold,wedding,Cat Eye
cool,squoval,medium,classic,work,Korean Pink
warm,stiletto,long,bold,date,Glitter Gold
cool,coffin,short,classic,date,Berry Jelly
warm,square,medium,bold,daily,Cat Eye
cool,square,long,bold,party,Marble
neutral,oval,long,classic,date,Korean Pink
cool,oval,long,minimal,work,Minimal Nude
neutral,squoval,medium,minimal,work,Minimal Nude
cool,coffin,short,minimal,daily,Minimal Nude
neutral,almond,short,bold,wedding,Terracotta Swirl
neutral,stiletto,long,minimal,work,Minimal Nude
neutral,stiletto,long,bold,party,Terracotta Swirl
warm,almond,short,minimal,party,Glitter Gold
cool,coffin,long,minimal,daily,French Classic
warm,oval,medium,minimal,date,Minimal Nude
cool,almond,long,minimal,work,Minimal Nude
neutral,almond,long,classic,wedding,Korean Pink
cool,round,short,bold,wedding,Cat Eye
cool,squoval,long,bold,party,Marble
neutral,stiletto,short,minimal,wedding,Minimal Nude
cool,round,medium,classic,work,Korean Pink
warm,stiletto,long,minimal,daily,Minimal Nude
cool,coffin,short,bold,wedding,Marble
warm,square,short,bold,daily,Minimal Nude
neutral,almond,long,bold,work,Cat Eye
neutral,stiletto,medium,classic,daily,French Classic
neutral,almond,short,minimal,daily,Minimal Nude
cool,squoval,short,bold,daily,French Classic
warm,coffin,medium,minimal,work,Minimal Nude
cool,round,medium,bold,party,Marble
neutral,almond,short,bold,daily,French Classic
cool,stiletto,medium,bold,party,Marble
warm,oval,long,classic,wedding,Glitter Gold
neutral,square,medium,classic,party,Korean Pink
cool,round,short,classic,party,Korean Pink
warm,round,medium,minimal,work,Minimal Nude
cool,oval,medium,bold,work,Cat Eye
cool,almond,medium,classic,party,Korean Pink
warm,almond,long,bold,work,Cat Eye
warm,round,long,classic,date,Korean Pink
warm,coffin,short,minimal,date,Minimal Nude
cool,almond,medium,bold,wedding,Marble
warm,oval,short,classic,daily,French Classic
neutral,square,short,bold,wedding,Terracotta Swirl
cool,almond,short,bold,party,Marble
warm,squoval,short,classic,wedding,French Classic
cool,coffin,medium,classic,work,Korean Pink
cool,coffin,long,bold,wedding,Marble
neutral,round,long,classic,wedding,Korean Pink
neutral,round,medium,minimal,party,Terracotta Swirl
warm,oval,short,bold,daily,Minimal Nude
neutral,round,long,classic,daily,French Classic
cool,stiletto,medium,bold,party,Marble
warm,coffin,long,classic,date,Korean Pink
cool,stiletto,medium,classic,daily,French Classic
warm,almond,long,minimal,date,Minimal Nude
neutral,coffin,short,minimal,daily,Minimal Nude
cool,stiletto,long,classic,daily,Korean Pink
neutral,almond,medium,bold,work,Cat Eye
warm,squoval,medium,classic,party,Glitter Gold
neutral,squoval,medium,classic,party,Korean Pink
warm,oval,medium,bold,party,Glitter Gold
cool,oval,short,minimal,work,Minimal Nude
neutral,oval,medium,bold,date,Cat Eye
warm,oval,long,classic,party,Glitter Gold
cool,squoval,medium,bold,daily,French Classic
neutral,round,medium,minimal,wedding,Minimal Nude
cool,round,medium,classic,daily,French Classic
warm,oval,medium,minimal,party,Minimal Nude
cool,square,medium,classic,work,Korean Pink
cool,stiletto,short,minimal,date,Minimal Nude
cool,stiletto,short,classic,work,Berry Jelly
cool,coffin,long,classic,date,Korean Pink
cool,almond,short,bold,work,French Classic
cool,squoval,medium,minimal,wedding,Korean Pink
warm,oval,long,classic,daily,French Classic
neutral,stiletto,medium,classic,daily,French Classic
warm,stiletto,medium,classic,wedding,Korean Pink
cool,squoval,short,minimal,date,Minimal Nude
warm,almond,short,classic,party,French Classic
warm,round,medium,classic,wedding,Korean Pink
neutral,coffin,short,classic,party,French Classic
warm,oval,medium,minimal,daily,Minimal Nude
neutral,squoval,long,bold,party,Terracotta Swirl
cool,oval,short,minimal,daily,Minimal Nude
neutral,square,medium,minimal,party,Terracotta Swirl
cool,squoval,short,bold,work,Korean Pink
cool,almond,short,minimal,daily,Minimal Nude
neutral,squoval,short,minimal,wedding,Minimal Nude
warm,square,short,minimal,wedding,Minimal Nude
cool,almond,medium,minimal,daily,Minimal Nude
warm,squoval,long,minimal,date,Minimal Nude
warm,almond,long,classic,date,Korean Pink
cool,oval,medium,classic,daily,French Classic
neutral,coffin,short,minimal,party,Minimal Nude
neutral,oval,short,bold,daily,French Classic
cool,oval,long,bold,work,Cat Eye
warm,oval,short,minimal,work,Minimal Nude
cool,stiletto,medium,bold,wedding,Marble
warm,coffin,medium,minimal,work,Minimal Nude
warm,round,medium,minimal,daily,Minimal Nude
cool,round,short,classic,daily,French Classic
neutral,almond,long,minimal,daily,French Classic
cool,oval,short,bold,date,Cat Eye
warm,stiletto,short,classic,daily,Minimal Nude
warm,stiletto,long,minimal,work,Minimal Nude
warm,square,medium,minimal,daily,Cat Eye
neutral,almond,short,minimal,daily,Minimal Nude
cool,almond,medium,minimal,work,Minimal Nude
warm,oval,long,minimal,wedding,Glitter Gold
cool,round,short,minimal,work,Minimal Nude
cool,square,medium,bold,wedding,Marble
warm,square,short,bold,party,Glitter Gold
cool,almond,medium,classic,daily,French Classic
neutral,almond,medium,classic,work,French Classic
neutral,round,long,bold,wedding,Terracotta Swirl
cool,coffin,long,classic,work,Korean Pink
neutral,almond,long,bold,wedding,Terracotta Swirl
cool,stiletto,short,classic,party,Korean Pink
warm,square,long,minimal,party,Glitter Gold
cool,square,medium,bold,daily,Cat Eye
cool,oval,medium,minimal,date,Berry Jelly
cool,square,short,classic,party,Korean Pink
cool,oval,short,classic,date,Korean Pink
warm,square,medium,classic,party,Glitter Gold
cool,coffin,short,classic,work,French Classic
neutral,coffin,long,classic,work,French Classic
neutral,almond,medium,bold,work,Cat Eye
warm,coffin,medium,classic,date,French Classic
warm,square,medium,minimal,work,Minimal Nude
neutral,coffin,medium,minimal,date,Minimal Nude
cool,square,short,bold,wedding,Marble
cool,almond,long,classic,work,Korean Pink
warm,squoval,short,classic,date,French Classic
neutral,squoval,long,bold,work,Cat Eye
neutral,stiletto,long,minimal,party,Terracotta Swirl
neutral,almond,short,minimal,party,Minimal Nude
neutral,coffin,short,bold,party,Terracotta Swirl
warm,squoval,short,classic,work,French Classic
cool,coffin,short,minimal,daily,Minimal Nude
neutral,squoval,medium,bold,daily,Cat Eye
warm,squoval,long,classic,date,Korean Pink
warm,round,medium,classic,work,French Classic
cool,stiletto,medium,classic,work,Korean Pink
cool,stiletto,short,bold,date,Cat Eye
neutral,oval,medium,bold,wedding,Terracotta Swirl
cool,oval,short,bold,daily,French Classic
neutral,almond,long,bold,wedding,Marble
neutral,square,long,bold,daily,Terracotta Swirl
warm,oval,long,classic,party,Glitter Gold
neutral,squoval,short,bold,party,Terracotta Swirl
neutral,round,medium,bold,date,Cat Eye
cool,oval,long,minimal,daily,Minimal Nude
cool,round,short,classic,date,French Classic
neutral,oval,long,bold,wedding,Terracotta Swirl
warm,stiletto,short,minimal,work,Minimal Nude
cool,oval,medium,bold,party,Marble
neutral,stiletto,short,bold,wedding,Terracotta Swirl
warm,square,short,bold,date,Cat Eye
cool,round,long,minimal,daily,Minimal Nude
cool,almond,short,minimal,daily,Minimal Nude
neutral,round,short,classic,daily,French Classic
neutral,coffin,long,bold,daily,Terracotta Swirl
warm,stiletto,medium,bold,work,Cat Eye
warm,oval,long,bold,party,Glitter Gold
warm,squoval,long,minimal,daily,Minimal Nude
neutral,round,short,classic,work,French Classic
warm,square,long,bold,wedding,Glitter Gold
cool,oval,short,minimal,wedding,Korean Pink
cool,round,long,classic,date,Korean Pink
warm,squoval,long,minimal,work,Minimal Nude
cool,round,short,classic,party,French Classic
warm,stiletto,medium,minimal,work,Minimal Nude
neutral,round,long,bold,wedding,Terracotta Swirl
warm,oval,medium,classic,daily,French Classic
neutral,almond,long,minimal,wedding,Terracotta Swirl
neutral,squoval,long,classic,wedding,Korean Pink
cool,coffin,short,bold,work,French Classic
cool,stiletto,long,classic,party,Korean Pink
cool,oval,long,minimal,work,Minimal Nude
warm,round,long,classic,wedding,Glitter Gold
warm,coffin,medium,minimal,date,Minimal Nude
warm,oval,long,minimal,daily,Minimal Nude
warm,round,long,minimal,daily,Minimal Nude
warm,square,short,classic,date,French Classic
neutral,oval,medium,minimal,party,Terracotta Swirl
cool,square,short,classic,work,French Classic
cool,coffin,medium,minimal,daily,Minimal Nude
cool,square,medium,bold,daily,Cat Eye
cool,almond,long,bold,date,Marble
neutral,square,medium,classic,date,Korean Pink
neutral,almond,short,minimal,daily,Minimal Nude
neutral,coffin,long,bold,wedding,Terracotta Swirl
cool,coffin,medium,minimal,wedding,Korean Pink
neutral,square,short,minimal,party,Minimal Nude
warm,squoval,short,classic,party,French Classic
neutral,square,medium,classic,daily,French Classic
warm,squoval,short,bold,daily,Cat Eye
cool,round,short,minimal,party,Korean Pink
cool,stiletto,short,classic,daily,French Classic
neutral,squoval,short,minimal,daily,Minimal Nude
cool,squoval,long,bold,daily,Cat Eye
warm,squoval,short,bold,work,Cat Eye
warm,oval,long,bold,daily,Glitter Gold
neutral,oval,short,minimal,work,Minimal Nude
warm,oval,long,minimal,wedding,Terracotta Swirl
cool,square,short,bold,work,French Classic
neutral,almond,long,classic,daily,French Classic
warm,coffin,long,classic,party,Glitter Gold
warm,oval,medium,minimal,daily,Minimal Nude
cool,coffin,short,classic,work,French Classic
cool,oval,short,bold,date,Cat Eye
warm,stiletto,medium,classic,daily,French Classic
neutral,square,medium,bold,daily,Cat Eye
cool,almond,short,minimal,work,Minimal Nude
warm,stiletto,short,minimal,wedding,Minimal Nude
cool,stiletto,long,classic,work,Korean Pink
neutral,square,short,bold,daily,French Classic
cool,square,medium,bold,party,Marble
cool,coffin,long,minimal,date,Korean Pink
neutral,almond,long,bold,date,Terracotta Swirl
cool,oval,medium,classic,date,Korean Pink
warm,coffin,short,classic,date,French Classic
warm,coffin,short,minimal,work,Minimal Nude
neutral,coffin,long,classic,wedding,Korean Pink
warm,stiletto,long,classic,date,Korean Pink
cool,stiletto,medium,bold,wedding,Marble
cool,stiletto,medium,bold,date,Cat Eye
warm,almond,medium,minimal,date,Minimal Nude
warm,stiletto,medium,bold,party,Glitter Gold
warm,coffin,medium,classic,work,French Classic
neutral,squoval,short,classic,daily,French Classic
cool,square,medium,classic,work,Korean Pink
cool,square,medium,minimal,daily,Minimal Nude
warm,squoval,medium,minimal,work,Minimal Nude
neutral,round,medium,bold,date,Terracotta Swirl
warm,coffin,short,bold,wedding,Glitter Gold
neutral,squoval,long,bold,work,Cat Eye
cool,square,medium,classic,party,Korean Pink
cool,stiletto,short,classic,daily,French Classic
neutral,oval,short,bold,work,French Classic
warm,oval,medium,bold,daily,Cat Eye
cool,round,medium,bold,work,Cat Eye
neutral,square,medium,minimal,party,Terracotta Swirl
cool,almond,medium,classic,party,Korean Pink
neutral,round,medium,minimal,party,Terracotta Swirl
cool,round,short,classic,work,French Classic
warm,oval,short,minimal,work,Minimal Nude
cool,coffin,long,classic,wedding,Korean Pink
warm,stiletto,short,classic,date,French Classic
warm,almond,medium,minimal,daily,Minimal Nude
warm,almond,medium,classic,work,French Classic
neutral,almond,long,minimal,party,Terracotta Swirl
cool,square,short,bold,work,French Classic
warm,square,short,classic,party,French Classic
warm,round,medium,bold,work,Cat Eye
cool,squoval,long,minimal,party,Marble
warm,squoval,short,minimal,wedding,Minimal Nude
warm,round,short,bold,work,Minimal Nude
cool,almond,medium,minimal,work,Minimal Nude
cool,round,long,bold,daily,Cat Eye
warm,coffin,short,minimal,wedding,Minimal Nude
cool,almond,medium,minimal,date,Korean Pink
neutral,round,short,bold,date,Cat Eye
cool,round,medium,minimal,work,Minimal Nude
cool,coffin,long,bold,wedding,Marble
warm,almond,long,classic,wedding,Glitter Gold
cool,round,long,classic,date,Korean Pink
warm,oval,short,classic,wedding,French Classic
warm,oval,long,minimal,daily,Minimal Nude
neutral,coffin,medium,classic,date,Korean Pink
cool,square,medium,classic,party,Korean Pink
warm,squoval,short,bold,daily,Minimal Nude
cool,oval,long,bold,daily,Cat Eye
neutral,squoval,medium,classic,party,Korean Pink
cool,round,medium,minimal,party,Korean Pink
cool,round,short,minimal,date,Minimal Nude
warm,stiletto,long,bold,wedding,Glitter Gold
warm,squoval,long,minimal,date,Minimal Nude
warm,round,long,minimal,party,Glitter Gold
neutral,coffin,medium,minimal,party,Terracotta Swirl
cool,coffin,medium,minimal,wedding,Korean Pink
warm,oval,long,classic,daily,French Classic
neutral,oval,short,minimal,party,Minimal Nude
neutral,coffin,medium,bold,date,Cat Eye
warm,squoval,short,minimal,wedding,Minimal Nude
neutral,square,short,minimal,daily,Korean Pink
warm,squoval,medium,minimal,date,Minimal Nude
neutral,coffin,short,minimal,daily,Minimal Nude
cool,squoval,medium,bold,date,Cat Eye
cool,almond,short,minimal,party,Korean Pink
neutral,coffin,medium,minimal,party,Terracotta Swirl
warm,stiletto,long,classic,party,Glitter Gold
warm,square,short,bold,work,Minimal Nude
cool,coffin,short,classic,wedding,Korean Pink
cool,squoval,medium,minimal,party,Korean Pink
warm,stiletto,medium,minimal,work,Minimal Nude
cool,square,medium,minimal,work,Minimal Nude
cool,coffin,medium,classic,party,Korean Pink
cool,square,long,classic,date,Korean Pink
cool,oval,short,classic,date,Korean Pink
cool,stiletto,short,minimal,wedding,Korean Pink
warm,square,short,classic,date,French Classic
neutral,squoval,medium,classic,date,Korean Pink
warm,oval,long,minimal,party,Glitter Gold
cool,squoval,long,classic,work,Korean Pink
warm,coffin,medium,bold,daily,Cat Eye
neutral,stiletto,short,classic,wedding,French Classic
warm,oval,long,minimal,wedding,Glitter Gold
neutral,square,short,minimal,work,Minimal Nude
cool,squoval,medium,bold,daily,Cat Eye
cool,squoval,long,bold,party,Marble
warm,square,short,bold,wedding,Glitter Gold
warm,squoval,short,minimal,work,Minimal Nude
neutral,oval,short,classic,party,French Classic
warm,stiletto,short,minimal,party,Minimal Nude
warm,coffin,short,bold,wedding,Glitter Gold
neutral,squoval,medium,classic,party,Korean Pink
cool,coffin,short,bold,work,French Classic
neutral,squoval,short,minimal,daily,Minimal Nude
warm,round,short,bold,date,Cat Eye
cool,oval,medium,classic,date,Korean Pink
warm,squoval,medium,bold,date,Cat Eye
neutral,oval,long,bold,date,Terracotta Swirl
neutral,coffin,long,minimal,work,Minimal Nude
cool,coffin,long,classic,date,Korean Pink
cool,almond,short,minimal,date,Minimal Nude
cool,square,long,bold,daily,Cat Eye
warm,oval,medium,bold,wedding,Glitter Gold
warm,almond,short,classic,daily,French Classic
warm,round,short,classic,wedding,French Classic
cool,square,long,bold,daily,Cat Eye
warm,oval,long,bold,date,Glitter Gold
neutral,coffin,short,classic,wedding,French Classic
warm,square,short,classic,work,Minimal Nude
cool,almond,medium,minimal,work,Minimal Nude
warm,almond,long,bold,daily,Glitter Gold
neutral,oval,medium,classic,party,Korean Pink
neutral,round,short,minimal,date,Minimal Nude
warm,squoval,long,classic,party,Glitter Gold
warm,squoval,medium,bold,wedding,Cat Eye
warm,oval,medium,bold,daily,Cat Eye
neutral,almond,long,bold,work,Cat Eye
warm,squoval,short,minimal,wedding,Minimal Nude
cool,squoval,long,classic,daily,Berry Jelly
cool,stiletto,medium,classic,wedding,Korean Pink
neutral,almond,short,bold,work,French Classic
warm,squoval,short,bold,wedding,Glitter Gold
cool,almond,short,classic,work,French Classic
neutral,almond,short,bold,wedding,Terracotta Swirl
cool,coffin,short,bold,wedding,Marble
warm,oval,long,bold,date,Glitter Gold
neutral,oval,medium,minimal,party,Terracotta Swirl
warm,round,medium,bold,party,Glitter Gold
warm,round,long,classic,date,Korean Pink
cool,squoval,long,classic,date,Korean Pink
warm,stiletto,short,minimal,work,Minimal Nude
cool,oval,short,classic,work,French Classic
cool,squoval,long,bold,work,Cat Eye
warm,coffin,medium,bold,daily,Cat Eye
warm,stiletto,long,classic,wedding,Glitter Gold
warm,round,long,classic,work,French Classic
warm,almond,long,classic,work,French Classic
warm,coffin,medium,minimal,date,Minimal Nude
warm,squoval,medium,classic,party,Glitter Gold
warm,round,long,classic,work,French Classic
neutral,coffin,medium,bold,date,Cat Eye
warm,round,long,minimal,daily,Minimal Nude
warm,oval,short,minimal,work,Minimal Nude
cool,oval,short,classic,wedding,Korean Pink
neutral,round,medium,bold,party,Terracotta Swirl
neutral,coffin,medium,classic,daily,French Classic
neutral,squoval,short,bold,date,Cat Eye
cool,round,medium,classic,date,Korean Pink
cool,squoval,medium,classic,wedding,French Classic
neutral,coffin,medium,bold,work,Cat Eye
cool,round,short,bold,wedding,Marble
cool,oval,long,classic,wedding,Korean Pink
cool,almond,short,bold,work,French Classic
warm,almond,short,classic,work,French Classic
neutral,round,medium,minimal,wedding,Minimal Nude
cool,coffin,short,classic,daily,French Classic
cool,squoval,long,bold,daily,Marble
warm,coffin,long,minimal,daily,Glitter Gold
warm,squoval,short,minimal,date,French Classic
cool,almond,long,bold,work,Cat Eye
cool,square,long,classic,date,Korean Pink
warm,oval,medium,classic,date,French Classic
warm,square,medium,minimal,date,Minimal Nude
cool,almond,medium,classic,date,Berry Jelly
cool,oval,long,bold,party,Marble
cool,stiletto,medium,bold,work,Cat Eye
warm,oval,short,classic,work,French Classic
cool,squoval,medium,minimal,date,Korean Pink
cool,almond,medium,classic,date,Korean Pink
neutral,squoval,long,minimal,wedding,Terracotta Swirl
neutral,coffin,long,bold,work,Terracotta Swirl
neutral,round,short,classic,party,French Classic
cool,round,long,minimal,date,Korean Pink
cool,oval,short,classic,daily,French Classic
neutral,oval,long,minimal,work,Minimal Nude
cool,squoval,long,minimal,party,Marble
warm,stiletto,short,minimal,daily,Minimal Nude
neutral,round,long,bold,date,Terracotta Swirl
neutral,squoval,long,minimal,daily,Minimal Nude
cool,stiletto,long,minimal,work,Minimal Nude
warm,square,long,classic,daily,French Classic
neutral,stiletto,short,bold,daily,French Classic
warm,round,medium,bold,work,Cat Eye
cool,squoval,short,minimal,party,Korean Pink
neutral,coffin,short,bold,daily,French Classic
warm,coffin,long,classic,date,Glitter Gold
cool,stiletto,medium,bold,wedding,Marble
warm,stiletto,medium,bold,work,Cat Eye
warm,square,long,bold,work,Cat Eye
neutral,oval,short,bold,party,Terracotta Swirl
warm,almond,medium,bold,date,Cat Eye
warm,round,long,bold,daily,Glitter Gold
warm,coffin,medium,bold,work,Cat Eye
cool,coffin,medium,bold,daily,Cat Eye
warm,squoval,medium,classic,party,Glitter Gold
warm,almond,medium,classic,party,Glitter Gold
warm,coffin,long,bold,work,Cat Eye
warm,squoval,long,bold,wedding,Marble
neutral,squoval,long,minimal,party,Terracotta Swirl
warm,almond,short,minimal,party,Minimal Nude
cool,almond,long,bold,daily,Cat Eye
neutral,oval,medium,bold,party,Marble
cool,oval,short,bold,date,Cat Eye
neutral,almond,long,minimal,party,Terracotta Swirl
neutral,oval,medium,bold,date,Cat Eye
cool,square,long,classic,party,Korean Pink
cool,square,long,classic,party,Korean Pink
neutral,stiletto,short,bold,wedding,Terracotta Swirl
neutral,round,medium,minimal,daily,Minimal Nude
cool,round,medium,minimal,party,Korean Pink
neutral,almond,short,bold,daily,French Classic
warm,almond,medium,classic,wedding,Korean Pink
neutral,almond,medium,minimal,daily,Minimal Nude
cool,almond,medium,minimal,daily,Minimal Nude
cool,stiletto,short,minimal,date,Minimal Nude
cool,almond,long,bold,work,Cat Eye
cool,almond,medium,classic,party,Korean Pink
neutral,oval,long,minimal,work,Minimal Nude
warm,round,short,bold,work,Minimal Nude
warm,round,long,bold,party,Glitter Gold
warm,squoval,medium,minimal,date,Minimal Nude
warm,squoval,long,bold,date,Glitter Gold
warm,oval,short,minimal,party,Minimal Nude
warm,coffin,long,minimal,party,Glitter Gold
warm,round,medium,bold,work,Cat Eye
cool,stiletto,short,classic,party,Korean Pink
neutral,stiletto,long,classic,wedding,Korean Pink
neutral,coffin,medium,minimal,wedding,Minimal Nude
neutral,round,long,classic,wedding,Korean Pink
neutral,almond,medium,classic,party,Korean Pink
neutral,squoval,long,classic,work,French Classic
cool,square,medium,minimal,wedding,Korean Pink
warm,square,medium,bold,party,Glitter Gold
neutral,coffin,medium,classic,date,Korean Pink
neutral,stiletto,medium,bold,work,Cat Eye
neutral,coffin,short,bold,wedding,Terracotta Swirl
cool,coffin,short,classic,party,Korean Pink
cool,stiletto,medium,bold,wedding,Marble
warm,stiletto,long,classic,party,Glitter Gold
cool,round,long,bold,wedding,Marble
neutral,squoval,long,bold,work,Cat Eye
neutral,square,medium,minimal,party,Terracotta Swirl
neutral,square,long,minimal,wedding,Glitter Gold
cool,square,short,classic,daily,French Classic
neutral,square,medium,classic,work,French Classic
warm,round,medium,minimal,wedding,Minimal Nude
neutral,stiletto,short,bold,daily,French Classic
cool,oval,long,classic,work,Korean Pink
neutral,square,medium,bold,wedding,Terracotta Swirl
neutral,round,short,bold,daily,French Classic
cool,almond,medium,minimal,wedding,Korean Pink
neutral,coffin,long,minimal,wedding,Terracotta Swirl
warm,coffin,short,bold,daily,Minimal Nude
cool,oval,short,minimal,party,Korean Pink
neutral,coffin,long,bold,work,Cat Eye
cool,almond,medium,minimal,daily,Minimal Nude
neutral,round,short,minimal,work,Minimal Nude
neutral,round,medium,minimal,party,Terracotta Swirl
cool,stiletto,medium,minimal,date,Korean Pink
neutral,squoval,short,bold,wedding,Terracotta Swirl
warm,almond,medium,classic,work,French Classic
neutral,coffin,long,classic,wedding,Korean Pink
warm,square,long,classic,daily,French Classic
neutral,round,long,minimal,wedding,Marble
neutral,square,medium,classic,wedding,Korean Pink
warm,coffin,medium,bold,daily,Cat Eye
cool,oval,medium,minimal,date,Korean Pink
cool,squoval,short,minimal,party,Korean Pink
warm,stiletto,short,minimal,wedding,Minimal Nude
cool,squoval,long,bold,work,Cat Eye
cool,round,short,classic,daily,French Classic
neutral,round,long,bold,party,Terracotta Swirl
warm,almond,long,minimal,party,Glitter Gold
warm,almond,medium,minimal,daily,Minimal Nude
warm,almond,long,classic,daily,French Classic
cool,round,medium,classic,daily,French Classic
neutral,almond,long,bold,work,Cat Eye
warm,coffin,long,bold,party,Glitter Gold
neutral,stiletto,short,minimal,work,Minimal Nude
warm,stiletto,long,bold,date,Glitter Gold
cool,almond,medium,minimal,wedding,Korean Pink
warm,oval,medium,bold,work,Cat Eye
cool,round,long,minimal,date,Korean Pink
neutral,oval,short,minimal,wedding,Minimal Nude
cool,stiletto,medium,classic,party,Korean Pink
neutral,almond,short,minimal,wedding,Minimal Nude
warm,coffin,medium,bold,wedding,Glitter Gold
warm,almond,long,minimal,wedding,Glitter Gold
neutral,square,short,minimal,daily,Minimal Nude
warm,coffin,long,classic,party,Glitter Gold
neutral,round,medium,minimal,party,Terracotta Swirl
neutral,round,long,classic,date,Korean Pink
cool,stiletto,short,classic,work,French Classic
neutral,round,medium,minimal,date,Minimal Nude
neutral,almond,medium,minimal,date,Minimal Nude
warm,almond,long,minimal,party,Glitter Gold
warm,stiletto,medium,classic,work,French Classic
cool,stiletto,medium,minimal,daily,Minimal Nude
neutral,almond,long,classic,party,Marble
cool,square,long,bold,date,Marble
warm,square,short,minimal,wedding,Minimal Nude
warm,round,short,minimal,work,Minimal Nude
cool,coffin,long,minimal,date,Korean Pink
neutral,round,short,bold,wedding,Terracotta Swirl
warm,oval,long,classic,date,Korean Pink
cool,round,short,bold,daily,French Classic
neutral,stiletto,long,minimal,wedding,Terracotta Swirl
neutral,squoval,long,classic,wedding,Korean Pink
neutral,coffin,long,minimal,work,Minimal Nude
neutral,almond,short,minimal,daily,Minimal Nude
neutral,coffin,short,classic,work,Minimal Nude
warm,oval,short,classic,party,Glitter Gold
cool,oval,short,minimal,daily,Minimal Nude
neutral,almond,short,classic,work,French Classic
neutral,coffin,short,bold,daily,French Classic
neutral,squoval,long,minimal,party,Terracotta Swirl
warm,oval,long,bold,daily,Glitter Gold
neutral,squoval,short,bold,party,Terracotta Swirl
cool,coffin,long,bold,wedding,Marble
cool,squoval,short,minimal,daily,Minimal Nude
warm,square,long,bold,daily,Glitter Gold
cool,round,medium,minimal,party,Korean Pink
neutral,square,short,bold,date,Cat Eye
cool,round,short,minimal,party,Minimal Nude
warm,stiletto,short,bold,daily,Minimal Nude
neutral,square,medium,classic,wedding,Korean Pink
cool,oval,long,classic,wedding,Korean Pink
warm,almond,short,classic,party,French Classic
warm,squoval,medium,bold,daily,Cat Eye
neutral,almond,long,classic,work,French Classic
warm,almond,medium,classic,daily,French Classic
cool,stiletto,medium,classic,date,Korean Pink
warm,square,medium,classic,work,French Classic
warm,almond,long,classic,wedding,Glitter Gold
warm,oval,long,minimal,work,Minimal Nude
neutral,stiletto,medium,bold,party,Terracotta Swirl
cool,square,medium,classic,work,Korean Pink
warm,coffin,short,minimal,wedding,Minimal Nude
warm,round,medium,classic,daily,French Classic
warm,coffin,long,minimal,wedding,Glitter Gold
neutral,oval,short,bold,party,Terracotta Swirl
neutral,squoval,short,classic,wedding,French Classic
cool,squoval,medium,classic,date,Korean Pink
cool,almond,long,classic,daily,Korean Pink
neutral,almond,short,minimal,daily,Minimal Nude
warm,squoval,long,bold,work,Cat Eye
warm,coffin,short,classic,date,French Classic
neutral,oval,long,bold,daily,Terracotta Swirl
warm,squoval,short,classic,wedding,French Classic
cool,round,short,classic,daily,French Classic
neutral,oval,long,minimal,daily,Minimal Nude
warm,oval,long,minimal,wedding,Glitter Gold
neutral,oval,short,minimal,date,Minimal Nude
neutral,almond,medium,bold,daily,Cat Eye
cool,square,long,classic,date,Korean Pink
neutral,almond,long,classic,date,Korean Pink
cool,almond,long,classic,date,Korean Pink
cool,oval,short,minimal,party,Korean Pink
cool,almond,medium,classic,party,Korean Pink
neutral,round,long,bold,date,Terracotta Swirl
warm,squoval,short,classic,work,French Classic
neutral,stiletto,long,classic,party,Terracotta Swirl
warm,squoval,short,minimal,work,Minimal Nude
cool,stiletto,medium,classic,work,Korean Pink
cool,round,medium,bold,wedding,Marble
warm,squoval,long,bold,daily,Glitter Gold
neutral,stiletto,long,bold,date,Terracotta Swirl
neutral,round,medium,bold,work,Cat Eye
warm,stiletto,short,bold,daily,Minimal Nude
cool,squoval,medium,minimal,work,Minimal Nude
warm,stiletto,long,minimal,party,Glitter Gold
warm,round,medium,bold,date,Cat Eye
neutral,round,short,classic,date,French Classic
warm,squoval,long,minimal,date,Minimal Nude
cool,square,long,classic,date,Korean Pink
neutral,squoval,short,bold,date,Cat Eye
neutral,stiletto,short,minimal,party,Minimal Nude
neutral,oval,long,bold,work,Cat Eye
cool,stiletto,medium,minimal,party,Korean Pink
warm,stiletto,long,bold,work,Cat Eye
warm,coffin,long,classic,party,Glitter Gold
warm,round,long,minimal,work,Minimal Nude
warm,round,long,bold,party,Glitter Gold
neutral,square,medium,classic,daily,French Classic
neutral,stiletto,long,classic,wedding,Korean Pink
cool,squoval,short,minimal,date,Minimal Nude
cool,almond,medium,bold,wedding,Marble
neutral,round,long,bold,party,Terracotta Swirl
cool,square,long,bold,party,Marble
cool,coffin,short,bold,date,Cat Eye
warm,coffin,short,classic,party,French Classic
warm,square,long,minimal,party,Glitter Gold
warm,round,short,minimal,date,Minimal Nude
cool,squoval,short,classic,work,French Classic
neutral,oval,long,classic,daily,French Classic
warm,square,short,bold,work,Minimal Nude
neutral,stiletto,medium,minimal,date,Minimal Nude
neutral,oval,short,classic,work,French Classic
warm,squoval,medium,classic,daily,Korean Pink
warm,coffin,medium,classic,wedding,Korean Pink
neutral,stiletto,medium,minimal,daily,Minimal Nude
cool,oval,medium,minimal,date,Korean Pink
cool,square,long,minimal,daily,Minimal Nude
neutral,squoval,long,minimal,wedding,Terracotta Swirl
cool,round,long,bold,wedding,Marble
cool,square,short,bold,date,Cat Eye
warm,oval,medium,minimal,wedding,Minimal Nude
neutral,oval,medium,classic,daily,French Classic
neutral,round,long,minimal,party,Terracotta Swirl
neutral,stiletto,short,minimal,work,Minimal Nude
cool,almond,medium,minimal,date,Korean Pink
warm,round,long,minimal,work,Minimal Nude
neutral,squoval,medium,bold,party,Terracotta Swirl
warm,almond,medium,minimal,work,Minimal Nude
warm,almond,medium,minimal,daily,Minimal Nude
neutral,stiletto,short,bold,daily,French Classic
warm,stiletto,medium,minimal,wedding,Minimal Nude
warm,square,short,classic,party,French Classic
neutral,coffin,short,classic,party,French Classic
cool,coffin,long,bold,date,Marble
warm,square,short,classic,wedding,French Classic
neutral,almond,medium,classic,date,Korean Pink
warm,almond,medium,classic,wedding,Korean Pink
warm,coffin,long,minimal,party,Glitter Gold
warm,almond,medium,classic,daily,French Classic
warm,square,short,bold,wedding,Glitter Gold
neutral,coffin,long,bold,wedding,Terracotta Swirl
cool,stiletto,long,minimal,work,Minimal Nude
neutral,stiletto,medium,classic,wedding,Korean Pink
neutral,round,medium,classic,wedding,Berry Jelly
warm,stiletto,long,bold,work,Terracotta Swirl
neutral,square,medium,minimal,date,Minimal Nude
cool,oval,medium,classic,date,Korean Pink
neutral,squoval,long,classic,party,Terracotta Swirl
neutral,almond,long,classic,party,Marble
warm,squoval,long,bold,daily,Glitter Gold
cool,almond,short,minimal,wedding,Korean Pink
warm,round,short,minimal,date,Minimal Nude
neutral,squoval,short,classic,party,French Classic
cool,squoval,medium,bold,wedding,Cat Eye
warm,almond,long,bold,party,Glitter Gold
neutral,round,medium,classic,wedding,Korean Pink
neutral,coffin,short,minimal,wedding,Minimal Nude
cool,almond,long,classic,date,Korean Pink
warm,square,medium,minimal,wedding,Minimal Nude
cool,stiletto,long,bold,work,Cat Eye
cool,round,short,bold,wedding,Marble
neutral,squoval,short,classic,date,French Classic
cool,stiletto,medium,minimal,wedding,Korean Pink
warm,square,short,bold,work,Minimal Nude
neutral,squoval,medium,bold,work,Cat Eye
cool,almond,short,bold,party,Marble
warm,almond,long,classic,date,Korean Pink
neutral,squoval,long,minimal,party,Terracotta Swirl
neutral,square,short,minimal,daily,Minimal Nude
warm,squoval,long,bold,party,Glitter Gold
warm,stiletto,long,bold,work,Glitter Gold
neutral,almond,medium,minimal,party,Terracotta Swirl
neutral,squoval,medium,minimal,work,Minimal Nude
cool,oval,short,minimal,party,Korean Pink
cool,coffin,medium,minimal,date,Korean Pink
neutral,stiletto,long,classic,work,French Classic
neutral,round,long,minimal,work,Minimal Nude
cool,coffin,medium,minimal,party,Korean Pink
neutral,round,medium,minimal,daily,Minimal Nude
cool,square,medium,classic,party,Korean Pink
warm,coffin,medium,minimal,party,Minimal Nude
cool,squoval,long,classic,daily,Korean Pink
neutral,almond,medium,classic,wedding,Korean Pink
cool,almond,medium,bold,wedding,Marble
cool,stiletto,long,bold,wedding,Marble
cool,stiletto,short,classic,party,Korean Pink
warm,stiletto,short,classic,party,French Classic
neutral,squoval,medium,minimal,wedding,Minimal Nude
warm,stiletto,medium,classic,party,Glitter Gold
cool,almond,medium,classic,work,Korean Pink
warm,square,medium,minimal,work,Cat Eye
warm,stiletto,short,bold,daily,Minimal Nude
cool,coffin,short,classic,wedding,Korean Pink
neutral,almond,short,minimal,wedding,Minimal Nude
cool,oval,long,classic,party,Korean Pink
cool,oval,short,bold,work,French Classic
cool,round,long,bold,daily,Cat Eye
warm,square,medium,minimal,date,Minimal Nude
warm,round,long,minimal,wedding,Glitter Gold
neutral,square,medium,minimal,daily,Minimal Nude
neutral,almond,long,bold,party,Terracotta Swirl
warm,round,long,minimal,wedding,Glitter Gold
neutral,squoval,medium,classic,party,Berry Jelly
cool,squoval,medium,classic,daily,French Classic
neutral,squoval,long,classic,daily,French Classic
cool,coffin,long,classic,party,Korean Pink
cool,almond,short,bold,date,Korean Pink
neutral,oval,medium,classic,wedding,Korean Pink
neutral,square,short,bold,date,French Classic
warm,coffin,short,bold,work,Minimal Nude
neutral,coffin,short,classic,party,French Classic
warm,square,medium,classic,work,French Classic
cool,oval,short,minimal,wedding,Korean Pink
warm,round,long,classic,party,Terracotta Swirl
cool,squoval,short,minimal,date,Minimal Nude
warm,square,medium,bold,date,Cat Eye
cool,squoval,medium,classic,work,French Classic
neutral,square,medium,minimal,daily,Minimal Nude
neutral,stiletto,long,minimal,work,Minimal Nude
cool,coffin,short,classic,daily,French Classic
neutral,coffin,long,classic,party,Terracotta Swirl
cool,squoval,medium,minimal,work,Minimal Nude
cool,round,long,bold,work,Korean Pink
neutral,square,short,classic,party,French Classic
neutral,stiletto,short,classic,work,French Classic
neutral,stiletto,long,classic,work,French Classic
cool,almond,long,classic,wedding,Korean Pink
neutral,round,long,bold,wedding,Terracotta Swirl
neutral,stiletto,short,minimal,date,Minimal Nude
cool,square,long,minimal,party,Marble
neutral,oval,short,bold,work,French Classic
warm,almond,short,classic,date,French Classic
neutral,round,long,bold,daily,Terracotta Swirl
warm,almond,short,classic,party,French Classic
warm,coffin,long,minimal,wedding,Glitter Gold
warm,coffin,long,classic,date,Korean Pink
warm,stiletto,short,bold,daily,Minimal Nude
neutral,square,short,classic,work,French Classic
warm,square,long,classic,daily,French Classic
warm,square,long,classic,wedding,Glitter Gold
warm,round,medium,minimal,daily,Minimal Nude
cool,square,short,classic,party,Korean Pink
neutral,coffin,short,minimal,date,Minimal Nude
neutral,squoval,medium,bold,date,Cat Eye
cool,square,medium,classic,party,Korean Pink
cool,square,medium,minimal,date,Korean Pink
warm,almond,long,minimal,work,Minimal Nude
neutral,stiletto,long,classic,wedding,Korean Pink
cool,square,long,minimal,date,Korean Pink
warm,round,medium,minimal,party,Minimal Nude
cool,coffin,long,minimal,daily,French Classic
neutral,almond,long,minimal,work,Minimal Nude
warm,stiletto,long,minimal,party,Glitter Gold
cool,stiletto,long,minimal,work,Minimal Nude
neutral,stiletto,medium,classic,party,Korean Pink
cool,stiletto,long,bold,party,Marble
warm,almond,short,bold,wedding,Glitter Gold
neutral,round,long,minimal,daily,Minimal Nude
warm,oval,long,bold,wedding,Glitter Gold
warm,almond,long,classic,daily,French Classic
warm,oval,short,minimal,party,Minimal Nude
cool,almond,medium,bold,party,Marble
cool,stiletto,short,bold,party,Marble
warm,almond,medium,minimal,wedding,Minimal Nude
neutral,stiletto,short,classic,date,French Classic
neutral,round,long,minimal,date,Minimal Nude
cool,round,medium,bold,daily,Cat Eye
warm,square,short,classic,wedding,French Classic
cool,square,medium,classic,date,Korean Pink
warm,coffin,long,minimal,wedding,Glitter Gold
neutral,almond,long,bold,date,Terracotta Swirl
cool,coffin,medium,minimal,daily,French Classic
cool,coffin,medium,classic,work,Korean Pink
neutral,squoval,long,bold,date,Terracotta Swirl
cool,square,medium,bold,date,Cat Eye
warm,round,short,classic,daily,French Classic
warm,oval,long,minimal,daily,Minimal Nude
neutral,stiletto,short,bold,party,Marble
cool,stiletto,long,classic,party,Korean Pink
warm,stiletto,long,bold,daily,Glitter Gold
warm,oval,medium,minimal,wedding,Minimal Nude
neutral,almond,medium,bold,work,Cat Eye
neutral,almond,medium,classic,daily,French Classic
warm,square,medium,bold,daily,Cat Eye
warm,square,medium,minimal,date,Minimal Nude
cool,round,long,classic,party,Korean Pink
warm,stiletto,long,classic,work,French Classic
neutral,squoval,medium,minimal,date,Minimal Nude
neutral,stiletto,long,classic,date,Korean Pink
cool,stiletto,medium,classic,work,Korean Pink
warm,square,long,bold,date,Glitter Gold
warm,almond,short,bold,date,Cat Eye
warm,almond,short,minimal,work,Minimal Nude
warm,squoval,long,bold,wedding,Glitter Gold
neutral,square,long,classic,party,Terracotta Swirl
neutral,squoval,long,minimal,date,Minimal Nude
cool,square,long,minimal,party,Marble
neutral,square,long,classic,date,Korean Pink
warm,round,short,classic,work,Minimal Nude
cool,square,long,bold,wedding,Marble
warm,almond,long,bold,party,Glitter Gold
neutral,squoval,medium,minimal,daily,Minimal Nude
cool,almond,medium,bold,work,Cat Eye
cool,stiletto,short,bold,daily,French Classic
neutral,squoval,medium,classic,wedding,Korean Pink
neutral,squoval,medium,classic,daily,French Classic
neutral,squoval,medium,minimal,date,Minimal Nude
neutral,almond,medium,minimal,daily,Minimal Nude
warm,almond,short,classic,date,French Classic
warm,stiletto,short,classic,work,French Classic
warm,stiletto,long,classic,date,Korean Pink
neutral,oval,short,classic,work,French Classic
cool,stiletto,long,bold,work,Cat Eye
neutral,almond,short,classic,party,French Classic
warm,almond,long,bold,wedding,Glitter Gold
neutral,round,short,bold,date,Cat Eye
cool,round,short,minimal,wedding,Korean Pink
warm,stiletto,medium,minimal,party,Minimal Nude
cool,stiletto,long,classic,party,Korean Pink
cool,round,medium,classic,wedding,Korean Pink
warm,square,short,bold,work,Minimal Nude
warm,almond,medium,classic,wedding,Korean Pink
cool,coffin,long,minimal,party,Marble
neutral,square,long,minimal,party,Terracotta Swirl
cool,almond,long,minimal,daily,Minimal Nude
warm,coffin,long,classic,party,Glitter Gold
neutral,coffin,short,bold,wedding,Terracotta Swirl
warm,round,medium,classic,work,French Classic
warm,coffin,medium,classic,wedding,Korean Pink
neutral,oval,short,minimal,party,Minimal Nude
cool,oval,long,classic,party,Korean Pink
neutral,square,medium,bold,party,Glitter Gold
neutral,stiletto,short,classic,wedding,Berry Jelly
neutral,almond,short,bold,date,Terracotta Swirl
cool,square,short,minimal,date,Minimal Nude
cool,square,short,classic,date,Korean Pink
cool,oval,long,minimal,party,Marble
neutral,almond,short,bold,work,French Classic
neutral,square,long,bold,party,Terracotta Swirl
cool,squoval,medium,classic,wedding,Korean Pink
warm,squoval,short,classic,wedding,French Classic
neutral,square,long,bold,work,Cat Eye
cool,oval,medium,bold,party,Marble
warm,square,medium,bold,work,Cat Eye
neutral,round,long,classic,date,Korean Pink
warm,squoval,medium,bold,work,Cat Eye
warm,square,short,classic,date,French Classic
warm,round,long,minimal,daily,Minimal Nude
cool,coffin,medium,classic,party,Korean Pink
cool,almond,medium,minimal,daily,Minimal Nude
neutral,square,long,bold,party,Terracotta Swirl
cool,square,medium,bold,wedding,Marble
warm,oval,medium,classic,party,Glitter Gold
cool,almond,medium,bold,wedding,Marble
neutral,coffin,medium,minimal,work,Minimal Nude
neutral,square,medium,classic,date,Berry Jelly
neutral,almond,medium,classic,date,Korean Pink
cool,square,long,minimal,party,Marble
warm,stiletto,long,classic,daily,French Classic
cool,oval,short,minimal,wedding,Korean Pink
cool,round,medium,minimal,wedding,Korean Pink
neutral,squoval,long,bold,daily,Terracotta Swirl
cool,coffin,long,classic,work,Korean Pink
warm,almond,medium,bold,wedding,Glitter Gold
warm,almond,long,minimal,party,Glitter Gold
cool,coffin,medium,minimal,daily,Minimal Nude
warm,almond,medium,minimal,daily,French Classic
neutral,coffin,short,bold,daily,French Classic
cool,coffin,short,classic,party,Korean Pink
neutral,square,long,minimal,party,Terracotta Swirl
neutral,almond,short,bold,wedding,Terracotta Swirl
warm,squoval,long,minimal,daily,Minimal Nude
cool,almond,short,bold,date,Cat Eye
neutral,squoval,medium,classic,work,French Classic
warm,stiletto,medium,classic,work,French Classic
neutral,stiletto,medium,bold,date,Cat Eye
warm,squoval,short,classic,work,French Classic
neutral,oval,medium,minimal,work,Minimal Nude
cool,stiletto,short,minimal,date,Korean Pink
warm,round,long,classic,wedding,Glitter Gold
neutral,square,long,minimal,party,Terracotta Swirl
neutral,oval,medium,classic,date,Korean Pink
warm,coffin,medium,bold,daily,Cat Eye
neutral,round,long,minimal,party,Terracotta Swirl
warm,stiletto,medium,bold,party,Glitter Gold
neutral,stiletto,short,classic,daily,French Classic
cool,oval,long,classic,work,Korean Pink
cool,stiletto,long,classic,daily,Korean Pink
neutral,stiletto,long,classic,party,Terracotta Swirl
warm,round,short,bold,work,Minimal Nude
warm,round,medium,bold,work,Cat Eye
warm,stiletto,medium,minimal,daily,Minimal Nude
neutral,almond,long,minimal,wedding,Terracotta Swirl
cool,squoval,medium,classic,wedding,Korean Pink
cool,squoval,medium,bold,work,Cat Eye
neutral,stiletto,medium,classic,wedding,Korean Pink
warm,almond,short,bold,date,Cat Eye
neutral,square,short,minimal,party,Minimal Nude
warm,almond,short,bold,wedding,Glitter Gold
warm,almond,long,bold,date,Glitter Gold
neutral,oval,medium,bold,party,Terracotta Swirl
warm,almond,medium,classic,daily,French Classic
neutral,oval,short,minimal,daily,Minimal Nude
neutral,oval,short,minimal,wedding,Minimal Nude
warm,round,short,minimal,party,Minimal Nude
warm,squoval,short,minimal,daily,Minimal Nude
cool,square,medium,classic,daily,French Classic
warm,squoval,long,bold,party,Glitter Gold
neutral,oval,medium,classic,work,French Classic
cool,round,medium,classic,party,Korean Pink
warm,coffin,medium,minimal,daily,Minimal Nude
warm,square,long,bold,date,Glitter Gold
warm,coffin,medium,minimal,date,Minimal Nude
neutral,oval,short,minimal,work,Minimal Nude
cool,coffin,medium,classic,wedding,Korean Pink
cool,square,short,bold,date,Cat Eye
cool,coffin,long,minimal,date,Korean Pink
cool,stiletto,medium,bold,daily,Cat Eye
neutral,coffin,medium,bold,daily,Cat Eye
warm,square,long,minimal,date,Minimal Nude
warm,round,long,minimal,wedding,Glitter Gold
warm,oval,medium,bold,work,Cat Eye
cool,round,medium,classic,work,Korean Pink
cool,oval,short,bold,work,French Classic
cool,coffin,short,classic,work,French Classic
warm,oval,short,minimal,party,Minimal Nude
warm,almond,long,bold,party,Glitter Gold
cool,almond,short,minimal,date,Minimal Nude
cool,almond,short,bold,wedding,Marble
neutral,coffin,short,minimal,party,Minimal Nude
warm,stiletto,medium,minimal,party,Minimal Nude
cool,squoval,long,minimal,wedding,Marble
warm,coffin,short,classic,daily,French Classic
warm,oval,long,minimal,work,French Classic
cool,almond,long,bold,party,Marble
warm,oval,medium,bold,party,Terracotta Swirl
warm,stiletto,medium,bold,daily,Cat Eye
cool,squoval,long,classic,daily,Korean Pink
cool,round,short,classic,party,Korean Pink
cool,square,long,minimal,date,Korean Pink
warm,oval,medium,classic,date,French Classic
neutral,squoval,medium,classic,party,Korean Pink
cool,stiletto,short,minimal,party,Korean Pink
cool,square,long,bold,date,Marble
cool,coffin,long,bold,work,Cat Eye
neutral,stiletto,medium,minimal,daily,Minimal Nude
warm,square,long,classic,party,Glitter Gold
cool,square,medium,minimal,daily,Minimal Nude
cool,almond,short,bold,wedding,Marble
cool,coffin,short,minimal,date,Korean Pink
cool,round,medium,classic,work,Korean Pink
cool,almond,long,classic,date,Korean Pink
cool,stiletto,medium,classic,daily,French Classic
warm,squoval,long,classic,party,Glitter Gold
cool,square,medium,bold,wedding,Marble
cool,oval,long,bold,party,Marble
cool,coffin,long,minimal,wedding,Marble
cool,coffin,short,minimal,date,French Classic
cool,coffin,medium,bold,wedding,Marble
warm,stiletto,medium,classic,date,French Classic
warm,stiletto,long,bold,party,Marble
warm,squoval,long,classic,daily,French Classic
cool,squoval,medium,classic,date,Korean Pink
warm,stiletto,long,minimal,date,Minimal Nude
cool,oval,medium,minimal,party,Korean Pink
warm,coffin,medium,minimal,daily,French Classic
warm,square,short,minimal,date,Minimal Nude
warm,oval,long,minimal,party,Glitter Gold
neutral,oval,medium,minimal,work,Minimal Nude
neutral,stiletto,short,minimal,work,Minimal Nude
neutral,oval,medium,classic,party,Terracotta Swirl
neutral,round,medium,bold,wedding,Terracotta Swirl
neutral,round,medium,bold,wedding,Terracotta Swirl
warm,square,medium,bold,party,Glitter Gold
warm,almond,medium,minimal,work,Minimal Nude
warm,squoval,long,minimal,daily,Minimal Nude
cool,square,long,bold,wedding,Marble
cool,stiletto,medium,minimal,daily,Minimal Nude
neutral,coffin,long,minimal,wedding,Terracotta Swirl
cool,square,short,bold,daily,French Classic
cool,squoval,medium,minimal,wedding,Korean Pink
warm,squoval,long,classic,date,Korean Pink
cool,almond,medium,minimal,work,French Classic
neutral,oval,short,minimal,work,Minimal Nude
cool,round,short,bold,wedding,Marble
cool,oval,long,bold,work,Cat Eye
cool,almond,long,classic,work,Korean Pink
neutral,squoval,short,bold,daily,French Classic
warm,stiletto,medium,bold,wedding,Glitter Gold
warm,almond,short,classic,date,French Classic
cool,round,medium,minimal,work,Minimal Nude
warm,almond,long,bold,daily,Glitter Gold
warm,square,short,bold,daily,Minimal Nude
cool,square,medium,bold,daily,Cat Eye
warm,oval,long,minimal,daily,French Classic
cool,square,medium,classic,daily,French Classic
neutral,squoval,long,minimal,daily,French Classic
cool,squoval,short,classic,wedding,Korean Pink
warm,stiletto,short,classic,work,French Classic
neutral,almond,medium,classic,wedding,Korean Pink
warm,oval,long,classic,daily,French Classic
cool,square,long,bold,work,Cat Eye
neutral,square,long,classic,work,French Classic
neutral,almond,short,classic,date,French Classic
warm,squoval,short,minimal,wedding,Minimal Nude
neutral,oval,short,minimal,party,Minimal Nude
cool,coffin,long,bold,wedding,Marble
warm,almond,long,classic,daily,French Classic
neutral,round,long,classic,party,Terracotta Swirl
cool,coffin,short,minimal,date,Minimal Nude
warm,almond,short,minimal,daily,Minimal Nude
warm,almond,long,bold,wedding,Glitter Gold
warm,coffin,short,bold,party,Glitter Gold
cool,almond,long,minimal,party,Marble
neutral,oval,long,minimal,wedding,Terracotta Swirl
neutral,square,medium,minimal,daily,Minimal Nude
warm,stiletto,long,bold,party,Marble
warm,round,medium,classic,party,Glitter Gold
warm,stiletto,medium,minimal,wedding,Minimal Nude
cool,stiletto,short,bold,party,Marble
warm,square,long,minimal,date,Minimal Nude
warm,coffin,short,minimal,wedding,Minimal Nude
cool,coffin,medium,minimal,party,Korean Pink
cool,squoval,short,classic,wedding,Korean Pink
cool,oval,long,classic,wedding,Korean Pink
cool,almond,medium,minimal,date,Korean Pink
cool,square,medium,minimal,wedding,Korean Pink
neutral,stiletto,medium,minimal,date,Minimal Nude
neutral,round,short,bold,date,Cat Eye
cool,almond,long,minimal,wedding,Marble
cool,almond,medium,minimal,daily,Minimal Nude
neutral,square,short,bold,daily,French Classic
cool,squoval,short,classic,party,Korean Pink
warm,squoval,medium,bold,work,Cat Eye
cool,almond,short,minimal,work,Minimal Nude
neutral,oval,short,bold,daily,French Classic
cool,stiletto,long,minimal,daily,Minimal Nude
warm,squoval,short,minimal,daily,Minimal Nude
warm,stiletto,short,classic,wedding,French Classic
cool,squoval,medium,classic,date,Korean Pink
warm,round,long,minimal,date,Minimal Nude
neutral,stiletto,short,minimal,wedding,Minimal Nude
neutral,square,medium,classic,work,French Classic
neutral,coffin,short,bold,wedding,Terracotta Swirl
neutral,squoval,long,classic,party,Terracotta Swirl
warm,square,short,bold,daily,Minimal Nude
warm,squoval,short,bold,wedding,Glitter Gold
warm,squoval,medium,minimal,daily,Minimal Nude
